,,0.1,
 ,2000, ,
!,2100,!,
"""",2200,"""",
#,2300,#,
$,2400,$,
%,2500,%,
&,2600,&,
',2700,',
(,2800,(,
),2900,),
*,2A00,*,
+,2B00,+,
,2C00,,
-,2D00,-,
.,2E00,.,
/,2F00,/,
0,3000,0,
1,3100,1,
2,3200,2,
3,3300,3,
4,3400,4,
5,3500,5,
6,3600,6,
7,3700,7,
8,3800,8,
9,3900,9,
:,3A00,:,
;,3B00,;,
<,3C00,<,
=,3D00,=,
>,3E00,>,
?,3F00,?,
@,4000,@,
A,4100,A,
B,4200,B,
C,4300,C,
D,4400,D,
E,4500,E,
F,4600,F,
G,4700,G,
H,4800,H,
I,4900,I,
J,4A00,J,
K,4B00,K,
L,4C00,L,
M,4D00,M,
N,4E00,N,
O,4F00,O,
P,5000,P,
Q,5100,Q,
R,5200,R,
S,5300,S,
T,5400,T,
U,5500,U,
V,5600,V,
W,5700,W,
X,5800,X,
Y,5900,Y,
Z,5A00,Z,
[,5B00,[,
\,5C00,\,
],5D00,],
^,5E00,^,
_,5F00,_,
`,6000,`,
a,6100,a,
b,6200,b,
c,6300,c,
d,6400,d,
e,6500,e,
f,6600,f,
g,6700,g,
h,6800,h,
i,6900,i,
j,6A00,j,
k,6B00,k,
l,6C00,l,
m,6D00,m,
n,6E00,n,
o,6F00,o,
p,7000,p,
q,7100,q,
r,7200,r,
s,7300,s,
t,7400,t,
u,7500,u,
v,7600,v,
w,7700,w,
x,7800,x,
y,7900,y,
z,7A00,z,
|,7C00,|,
~,7E00,~,
§,A700,§,
°,B000,°,
×,D700,×,
Ə,8F01,Ə,
Σ,A303,Σ,
Φ,A603,Φ,
α,B103,α,
β,B203,β,
ζ,B603,ζ,
μ,BC03,μ,
ν,BD03,ν,
σ,C303,σ,
φ,C603,φ,
ω,C903,ω,
Ё,0104,Ё,
Д,1404,Д,
З,1704,З,
Я,2F04,Я,
д,3404,д,
ж,3604,ж,
‐,1020,‐,
―,1520,―,
‘,1820,‘,
’,1920,’,
“,1C20,“,
”,1D20,”,
‥,2520,‥,
…,2620,…,
™,2221,™,
Ⅱ,6121,Ⅱ,
Ⅴ,6421,Ⅴ,
←,9021,←,
↑,9121,↑,
→,9221,→,
↓,9321,↓,
∀,0022,∀,
−,1222,−,
∞,1E22,∞,
∥,2522,∥,
∴,3422,∴,
≡,6122,≡,
⊂,8222,⊂,
⊃,8322,⊃,
①,6024,①,
②,6124,②,
③,6224,③,
④,6324,④,
⑤,6424,⑤,
⑥,6524,⑥,
⑦,6624,⑦,
⑧,6724,⑧,
⑨,6824,⑨,
⑩,6924,⑩,
┐,1025,┐,
├,1C25,├,
■,A025,■,
□,A125,□,
△,B325,△,
▼,BC25,▼,
▽,BD25,▽,
○,CB25,○,
◎,CE25,◎,
●,CF25,●,
★,0526,★,
☆,0626,☆,
♠,6026,♠,
♡,6126,♡,
♢,6226,♢,
♣,6326,♣,
♤,6426,♤,
♥,6526,♥,
♦,6626,♦,
♧,6726,♧,
♪,6A26,♪,
♭,6D26,♭,
✩,2927,✩,
❤,6427,❤,
❥,6527,❥,
❦,6627,❦,
　,0030,　,
、,0130,、,
。,0230,。,
〃,0330,〃,
々,0530,々,
〆,0630,〆,
〇,0730,〇,
〈,0830,〈,
〉,0930,〉,
《,0A30,《,
》,0B30,》,
「,0C30,「,
」,0D30,」,
『,0E30,『,
』,0F30,』,
【,1030,【,
】,1130,】,
〒,1230,〒,
〓,1330,〓,
〔,1430,〔,
〕,1530,〕,
〜,1C30,〜,
ぁ,4130,ぁ,
あ,4230,あ,
ぃ,4330,ぃ,
い,4430,い,
ぅ,4530,ぅ,
う,4630,う,
ぇ,4730,ぇ,
え,4830,え,
ぉ,4930,ぉ,
お,4A30,お,
か,4B30,か,
が,4C30,が,
き,4D30,き,
ぎ,4E30,ぎ,
く,4F30,く,
ぐ,5030,ぐ,
け,5130,け,
げ,5230,げ,
こ,5330,こ,
ご,5430,ご,
さ,5530,さ,
ざ,5630,ざ,
し,5730,し,
じ,5830,じ,
す,5930,す,
ず,5A30,ず,
せ,5B30,せ,
ぜ,5C30,ぜ,
そ,5D30,そ,
ぞ,5E30,ぞ,
た,5F30,た,
だ,6030,だ,
ち,6130,ち,
ぢ,6230,ぢ,
っ,6330,っ,
つ,6430,つ,
づ,6530,づ,
て,6630,て,
で,6730,で,
と,6830,と,
ど,6930,ど,
な,6A30,な,
に,6B30,に,
ぬ,6C30,ぬ,
ね,6D30,ね,
の,6E30,の,
は,6F30,は,
ば,7030,ば,
ぱ,7130,ぱ,
ひ,7230,ひ,
び,7330,び,
ぴ,7430,ぴ,
ふ,7530,ふ,
ぶ,7630,ぶ,
ぷ,7730,ぷ,
へ,7830,へ,
べ,7930,べ,
ぺ,7A30,ぺ,
ほ,7B30,ほ,
ぼ,7C30,ぼ,
ぽ,7D30,ぽ,
ま,7E30,ま,
み,7F30,み,
む,8030,む,
め,8130,め,
も,8230,も,
ゃ,8330,ゃ,
や,8430,や,
ゅ,8530,ゅ,
ゆ,8630,ゆ,
ょ,8730,ょ,
よ,8830,よ,
ら,8930,ら,
り,8A30,り,
る,8B30,る,
れ,8C30,れ,
ろ,8D30,ろ,
ゎ,8E30,ゎ,
わ,8F30,わ,
ゐ,9030,ゐ,
ゑ,9130,ゑ,
を,9230,を,
ん,9330,ん,
゛,9B30,゛,
゜,9C30,゜,
ゝ,9D30,ゝ,
ゞ,9E30,ゞ,
ァ,A130,ァ,
ア,A230,ア,
ィ,A330,ィ,
イ,A430,イ,
ゥ,A530,ゥ,
ウ,A630,ウ,
ェ,A730,ェ,
エ,A830,エ,
ォ,A930,ォ,
オ,AA30,オ,
カ,AB30,カ,
ガ,AC30,ガ,
キ,AD30,キ,
ギ,AE30,ギ,
ク,AF30,ク,
グ,B030,グ,
ケ,B130,ケ,
ゲ,B230,ゲ,
コ,B330,コ,
ゴ,B430,ゴ,
サ,B530,サ,
ザ,B630,ザ,
シ,B730,シ,
ジ,B830,ジ,
ス,B930,ス,
ズ,BA30,ズ,
セ,BB30,セ,
ゼ,BC30,ゼ,
ソ,BD30,ソ,
ゾ,BE30,ゾ,
タ,BF30,タ,
ダ,C030,ダ,
チ,C130,チ,
ヂ,C230,ヂ,
ッ,C330,ッ,
ツ,C430,ツ,
ヅ,C530,ヅ,
テ,C630,テ,
デ,C730,デ,
ト,C830,ト,
ド,C930,ド,
ナ,CA30,ナ,
ニ,CB30,ニ,
ヌ,CC30,ヌ,
ネ,CD30,ネ,
ノ,CE30,ノ,
ハ,CF30,ハ,
バ,D030,バ,
パ,D130,パ,
ヒ,D230,ヒ,
ビ,D330,ビ,
ピ,D430,ピ,
フ,D530,フ,
ブ,D630,ブ,
プ,D730,プ,
ヘ,D830,ヘ,
ベ,D930,ベ,
ペ,DA30,ペ,
ホ,DB30,ホ,
ボ,DC30,ボ,
ポ,DD30,ポ,
マ,DE30,マ,
ミ,DF30,ミ,
ム,E030,ム,
メ,E130,メ,
モ,E230,モ,
ャ,E330,ャ,
ヤ,E430,ヤ,
ュ,E530,ュ,
ユ,E630,ユ,
ョ,E730,ョ,
ヨ,E830,ヨ,
ラ,E930,ラ,
リ,EA30,リ,
ル,EB30,ル,
レ,EC30,レ,
ロ,ED30,ロ,
ヮ,EE30,ヮ,
ワ,EF30,ワ,
ヰ,F030,ヰ,
ヱ,F130,ヱ,
ヲ,F230,ヲ,
ン,F330,ン,
ヴ,F430,ヴ,
ヵ,F530,ヵ,
ヶ,F630,ヶ,
·,FB30,・,
ー,FC30,ー,
ヽ,FD30,ヽ,
ヾ,FE30,ヾ,
的,004E,一,
是,014E,丁,
不,034E,七,
了,074E,万,
我,084E,丈,
一,094E,三,
有,0A4E,上,
这,0B4E,下,
人,0D4E,不,
个,0E4E,与,
就,114E,丑,
好,164E,世,
在,184E,丘,
来,214E,両,
看,264E,並,
都,2D4E,中,
说,324E,串,
大,384E,丸,
要,3B4E,主,
也,3C4E,丼,
上,424E,乂,
那,434E,乃,
会,454E,久,
到,4B4E,之,
能,574E,乗,
得,594E,乙,
多,5D4E,九,
可,5E4E,乞,
以,5F4E,也,
过,714E,乱,
子,734E,乳,
时,7E4E,乾,
去,864E,了,
吧,884E,予,
为,894E,争,
很,8B4E,事,
们,8C4E,二,
后,914E,云,
下,924E,互,
中,944E,五,
小,954E,井,
自,9B4E,些,
真,9C4E,亜,
出,A14E,亡,
家,A44E,交,
心,AC4E,京,
对,BA4E,人,
生,C14E,仁,
最,CA4E,今,
点,CB4E,介,
里,CF4E,仏,
比,D44E,仔,
只,D54E,仕,
吗,D64E,他,
用,D84E,付,
太,D94E,仙,
发,DD4E,仝,
前,E34E,代,
老,E44E,令,
如,E54E,以,
开,EE4E,仮,
事,F24E,仲,
起,F64E,件,
意,FB4E,任,
己,014F,企,
话,0A4F,伊,
给,0E4F,伎,
着,0F4F,伏,
本,114F,休,
女,1A4F,会,
手,1D4F,伝,
感,2F4F,伯,
地,344F,伴,
成,384F,伸,
打,3C4F,似,
面,3D4F,伽,
果,474F,佇,
主,4D4F,位,
之,4E4F,低,
定,4F4F,住,
当,504F,佐,
明,534F,体,
吃,554F,何,
情,594F,余,
分,5C4F,作,
而,7F4F,使,
回,8B4F,例,
无,8D4F,侍,
力,984F,侘,
高,9B4F,供,
行,9D4F,依,
美,A04F,侠,
喜,B54F,侵,
转,BF4F,便,
马,C24F,係,
欢,C34F,促,
候,CA4F,俊,
其,D74F,俗,
场,DD4F,保,
所,E14F,信,
方,EE4F,修,
几,F34F,俳,
次,F54F,俵,
法,FA4F,俺,
些,0950,倉,
动,0B50,個,
同,0D50,倍,
加,1250,倒,
于,1950,候,
少,1F50,借,
全,2450,値,
正,3650,倶,
哪,3950,倹,
新,4950,偉,
机,5C50,停,
长,6550,健,
再,7450,側,
把,7550,偵,
让,7650,偶,
像,7D50,偽,
男,8D50,傍,
第,9150,傑,
已,9850,傘,
友,9950,備,
作,AC50,催,
头,B750,傷,
联,CD50,働,
因,CF50,像,
直,D550,僕,
图,0051,儀,
尔,0451,億,
今,1A51,儚,
间,2A51,優,
该,3251,儲,
进,3F51,儿,
水,4351,元,
赛,4451,兄,
快,4551,充,
关,4851,先,
应,4951,光,
气,4B51,克,
电,4D51,免,
特,5051,児,
相,5A51,党,
更,6551,入,
重,6851,全,
题,6B51,八,
难,6C51,公,
位,6D51,六,
信,7151,共,
表,7551,兵,
外,7651,其,
度,7751,具,
二,7851,典,
名,7C51,兼,
完,8551,内,
合,8651,円,
强,8D51,再,
找,9251,冒,
等,9951,写,
内,AC51,冬,
从,B451,冴,
白,B751,冷,
玩,C451,凄,
结,CD51,凍,
工,DB51,凛,
部,DD51,凝,
放,E151,凡,
拉,E651,処,
格,EA51,凪,
接,F051,凰,
黑,F151,凱,
总,F851,凸,
路,F951,凹,
乐,FA51,出,
解,0052,刀,
性,0352,刃,
常,0652,分,
员,0752,切,
利,0852,刈,
平,1152,刑,
原,1752,列,
海,1D52,初,
花,2452,判,
反,2552,別,
哥,2952,利,
记,2E52,刮,
带,3052,到,
眼,3652,制,
超,3852,券,
金,3952,刹,
干,3A52,刺,
口,3B52,刻,
系,4752,則,
受,4A52,削,
单,4B52,剋,
变,4D52,前,
确,5B52,剛,
请,6352,剣,
先,6452,剤,
微,7252,割,
数,7552,創,
服,8752,劇,
战,9B52,力,
阿,9F52,功,
物,A052,加,
各,A352,劣,
基,A952,助,
孩,AA52,努,
住,B152,励,
字,B452,労,
通,B952,効,
色,C752,勇,
入,C952,勉,
风,D552,動,
试,D852,勘,
必,D952,務,
此,DD52,勝,
始,DF52,募,
容,E252,勢,
与,E452,勤,
非,E752,勧,
半,0253,匂,
号,0553,包,
南,1653,化,
论,1753,北,
将,2053,匠,
宝,3953,匹,
保,3A53,区,
复,3B53,医,
处,4153,十,
布,4353,千,
卡,4853,午,
或,4A53,半,
报,4D53,卍,
目,5153,卑,
装,5253,卒,
提,5353,卓,
换,5453,協,
量,5753,南,
较,5853,単,
绝,5A53,博,
选,6053,占,
线,7053,印,
条,7153,危,
房,7353,即,
至,7553,卵,
红,7F53,卿,
办,8453,厄,
连,9A53,厚,
米,9F53,原,
运,B353,厳,
毛,BB53,去,
切,C253,参,
向,C953,叉,
够,CA53,及,
术,CB53,友,
据,CC53,双,
失,CD53,反,
假,CE53,収,
奇,D653,取,
声,D753,受,
游,D953,叙,
制,DB53,叛,
并,E353,口,
黄,E453,古,
木,E553,句,
姐,E953,叩,
决,EA53,只,
注,EB53,叫,
它,EC53,召,
深,EF53,可,
画,F053,台,
离,F253,史,
易,F353,右,
热,F653,叶,
根,F753,号,
演,F853,司,
爷,0454,各,
倒,0854,合,
观,0954,吉,
飞,0A54,吊,
似,0C54,同,
猫,0D54,名,
改,1054,吐,
满,1154,向,
鸟,1B54,君,
青,1F54,吟,
终,2654,否,
爆,2B54,含,
指,3854,吸,
整,3954,吹,
双,3E54,吾,
备,4254,呂,
低,4654,呆,
除,4A54,告,
式,5154,呑,
态,5F54,呟,
由,6854,周,
续,6A54,呪,
待,7354,味,
调,7C54,呼,
杀,7D54,命,
使,8C54,和,
音,B254,咲,
建,C054,哀,
产,C154,品,
立,E154,員,
许,F254,哲,
简,0455,唄,
掉,0755,唇,
毕,1055,唐,
幸,1655,唖,
愿,2F55,唯,
技,3155,唱,
标,4655,商,
防,4F55,問,
皮,5355,啓,
排,9A55,喚,
粉,9C55,喜,
段,9D55,喝,
蛋,A755,喧,
破,AB55,喫,
遇,B655,営,
随,C555,嗅,
送,DC55,嗜,
戏,E355,嗣,
往,E455,嗤,
未,0656,嘆,
值,0956,嘉,
突,1856,嘘,
洗,4256,噂,
读,5B56,噛,
统,6856,器,
断,C156,囁,
示,DB56,四,
角,DE56,回,
怪,E056,因,
消,E356,団,
左,F056,困,
右,F256,囲,
普,F356,図,
牌,FA56,固,
雷,FD56,国,
龙,FF56,囿,
攻,0B57,國,
鱼,0F57,圏,
设,1257,園,
造,1F57,土,
击,2757,圧,
故,2857,在,
落,2D57,圭,
创,3057,地,
压,4257,坂,
置,4A57,坊,
波,5157,坑,
取,6457,坤,
梅,8257,垂,
乱,8B57,型,
唱,CB57,埋,
纳,CE57,城,
器,DF57,域,
初,F457,埴,
查,F757,執,
势,F957,培,
背,FA57,基,
玛,FC57,埼,
午,0058,堀,
招,0258,堂,
效,0558,堅,
继,1558,堕,
短,2A58,堪,
景,3158,報,
块,3458,場,
菜,5458,塔,
即,5758,塗,
乎,5A58,塚,
存,6958,塩,
弱,7558,塵,
银,8358,境,
播,9758,増,
独,B358,墳,
举,C158,壁,
参,C758,壇,
输,CA58,壊,
否,EB58,士,
状,EE58,壮,
控,F058,声,
则,F158,壱,
答,F258,売,
叔,0959,変,
具,0F59,夏,
停,1559,夕,
局,1659,外,
退,1A59,多,
石,1C59,夜,
刻,2259,夢,
规,2759,大,
份,2959,天,
冲,2A59,太,
称,2B59,夫,
赢,2E59,央,
止,3159,失,
猪,4759,奇,
词,4859,奈,
艺,4959,奉,
胜,4F59,奏,
典,5159,契,
操,6559,奥,
露,6A59,奪,
跳,6E59,奮,
败,7359,女,
灵,7459,奴,
录,7D59,好,
境,8259,如,
疼,8459,妄,
择,9659,妖,
暴,9959,妙,
弃,B959,妹,
模,BB59,妻,
忍,C959,姉,
混,CB59,始,
巨,D359,姓,
预,D459,委,
密,EB59,姫,
闹,FF59,姿,
诺,015A,威,
轮,115A,娑,
奖,185A,娘,
列,465A,婆,
减,5A5A,婚,
餐,9A5A,媚,
园,C15A,嫁,
源,CC5A,嫌,
槽,095B,嬉,
伙,225B,嬢,
蓝,505B,子,
降,575B,字,
棒,585B,存,
齐,635B,季,
狂,645B,孤,
喵,665B,学,
借,6B5B,孫,
绩,755B,孵,
丢,855B,宅,
佳,875B,宇,
束,885B,守,
刷,895B,安,
桶,8C5B,完,
埃,8F5B,宏,
颜,975B,宗,
洛,985B,官,
暖,995B,宙,
弹,9A5B,定,
脱,9D5B,宝,
禁,9F5B,実,
散,A25B,客,
虎,A35B,宣,
察,A45B,室,
村,AE5B,宮,
忆,B35B,害,
伴,B45B,宴,
挑,B55B,宵,
沉,B65B,家,
炸,B95B,容,
项,BF5B,宿,
获,C25B,寂,
积,C45B,寄,
插,C65B,密,
困,CC5B,富,
档,D25B,寒,
农,DD5B,寝,
蒂,DF5B,察,
叶,F85B,寸,
旧,FA5B,寺,
增,FE5B,対,
诗,FF5B,寿,
堆,015C,封,
艾,025C,専,
灰,045C,射,
尚,065C,将,
隐,0A5C,尊,
洋,0B5C,尋,
逆,0E5C,導,
舞,0F5C,小,
荷,115C,少,
怒,165C,尖,
零,3D5C,尽,
寻,3E5C,尾,
危,405C,局,
采,455C,居,
蟹,485C,屈,
酷,4A5C,届,
紫,4B5C,屋,
闭,515C,屑,
库,555C,展,
忧,5E5C,属,
析,645C,層,
卷,655C,履,
页,715C,山,
桃,905C,岐,
薄,A15C,岡,
拔,A95C,岩,
瑞,B85C,岸,
扰,E05C,峠,
暂,E15C,峡,
违,F05C,峰,
稍,F65C,島,
狼,0E5D,崎,
抵,295D,崩,
详,505D,嵐,
郎,8B5D,嶋,
郁,DD5D,川,
启,DE5D,州,
励,E15D,巡,
册,E55D,工,
倍,E65D,左,
虫,E75D,巧,
葡,E85D,巨,
障,EB5D,巫,
述,EE5D,差,
崩,F15D,己,
盾,F45D,巴,
挡,FB5D,巻,
萄,025E,市,
汇,035E,布,
锁,065E,帆,
萝,0C5E,希,
钓,165E,帖,
噗,1D5E,帝,
纹,2B5E,師,
苍,2D5E,席,
愤,2F5E,帯,
凑,305E,帰,
愁,335E,帳,
陷,385E,常,
饰,3D5E,帽,
番,455E,幅,
恢,555E,幕,
舟,725E,干,
阅,735E,平,
返,745E,年,
允,785E,幸,
纵,7B5E,幻,
旋,7C5E,幼,
勉,7D5E,幽,
勿,7E5E,幾,
览,835E,広,
碍,8A5E,床,
虹,8F5E,序,
趁,955E,底,
御,975E,店,
蕾,A65E,度,
遮,A75E,座,
塑,AB5E,庫,
邀,AD5E,庭,
削,B75E,康,
攒,C35E,廃,
叙,E25E,廢,
浏,FA5E,建,
捣,FB5E,廻,
祭,015F,弁,
蓄,045F,弄,
橡,0F5F,式,
韧,105F,弐,
瀑,135F,弓,
竿,155F,引,
刨,1F5F,弟,
啄,255F,弥,
遁,265F,弦,
釜,315F,弱,
镐,355F,張,
锄,375F,強,
,3E5F,弾,
,535F,当,
,575F,彗,
,625F,形,
,665F,彦,
,695F,彩,
,705F,彰,
,715F,影,
,775F,彷,
,795F,役,
,7C5F,彼,
,7F5F,彿,
,805F,往,
,815F,征,
,855F,待,
,8B5F,律,
,8C5F,後,
,905F,徐,
,935F,従,
,975F,得,
,A15F,御,
,A85F,徨,
,A95F,復,
,AE5F,微,
,B35F,徳,
,B45F,徴,
,B95F,徹,
,C35F,心,
,C55F,必,
,CC5F,忌,
,CD5F,忍,
,D75F,志,
,D85F,忘,
,D95F,忙,
,DC5F,応,
,E05F,忠,
,EB5F,快,
,F55F,念,
,1260,怒,
,1660,怖,
,1D60,思,
,2560,急,
,2760,性,
,2A60,怪,
,2F60,怯,
,4B60,恋,
,5060,恐,
,5260,恒,
,6560,恥,
,6860,恨,
,6F60,息,
,7060,恰,
,7560,恵,
,9460,悔,
,9F60,悟,
,A060,悠,
,A660,悦,
,A960,悩,
,AA60,悪,
,B260,悲,
,C560,情,
,D160,惑,
,DA60,惚,
,DC60,惜,
,E160,惡,
,F360,想,
,F960,惹,
,0161,愁,
,0961,愉,
,0F61,意,
,1A61,愚,
,1B61,愛,
,1F61,感,
,4461,慄,
,4B61,態,
,4C61,慌,
,4E61,慎,
,5561,慕,
,6261,慢,
,6361,慣,第一张最后一字
—,6E61,慮,
・,7061,慰,
啊,8261,憂,
哎,8E61,憎,
唉,9061,憐,
欸,9161,憑,
爱,A461,憤,
安,A761,憧,
按,A961,憩,
案,B661,憶,
昂,D061,懐,
嗷,F861,懸,
傲,1062,成,
奥,1162,我,
八,1662,或,
巴,1A62,戚,
罢,2662,戦,
百,2F62,戯,
摆,3262,戲,
拜,3462,戴,
般,3862,戸,
搬,3B62,戻,
板,3F62,房,
扮,4062,所,
帮,4962,扉,
榜,4B62,手,
包,4D62,才,
褒,5362,打,
饱,5562,払,
堡,7162,扱,
抱,7F62,承,
杯,8062,技,
北,9162,抑,
被,9562,投,
辈,9762,抗,
鼻,9862,折,
彼,9C62,抜,
笔,9E62,択,
避,AB62,披,
边,B162,抱,
扁,B962,抹,
便,BC62,押,
遍,BD62,抽,
别,C562,担,
宾,CD62,拍,
病,D362,拓,
脖,D962,拙,
博,DB62,招,
补,DD62,拝,
步,E062,拠,
嚓,E162,拡,
擦,F362,拳,
猜,F662,拶,
才,FE62,拾,
材,0163,持,
财,0763,指,
彩,1163,挑,
残,2863,挨,
惨,2B63,挫,
灿,2F63,振,
藏,5563,捕,
草,5C63,捜,
侧,6763,捧,
策,6863,捨,
曾,7A63,捺,
差,8363,掃,
缠,8863,授,
尝,8C63,掌,
畅,9263,排,
抄,9863,掘,
朝,9B63,掛,
潮,A163,採,
车,A263,探,
彻,A563,接,
尘,A763,控,
臣,A863,推,
晨,B263,掲,
撑,B463,掴,
呈,BB63,掻,
承,C363,揃,
城,C663,揆,
乘,CF63,描,
程,D063,提,
骋,DA63,揚,
池,DB63,換,
驰,E163,握,
迟,EE63,揮,
持,F463,援,
斥,FA63,揺,
赤,0D64,損,
炽,2D64,搭,
充,3A64,携,
憧,5864,摘,
抽,6964,摩,
筹,8364,撃,
臭,AB64,撫,
厨,AE64,撮,
础,B264,撲,
楚,BC64,撼,
触,CD64,操,
传,E264,擢,
闯,E664,擦,
垂,2F65,支,
辞,3965,改,
刺,3B65,攻,
簇,3E65,放,
脆,4565,故,
寸,4F65,敏,
挫,5165,救,
措,5765,敗,
错,5965,教,
哒,6265,敢,
搭,6365,散,
达,6665,敦,
代,6C65,敬,
袋,7065,数,
担,7465,整,
胆,7565,敵,
但,7765,敷,
诞,8765,文,
淡,9065,斐,
荡,9965,料,
刀,AC65,斬,
导,AD65,断,
道,B065,新,
登,B965,方,
瞪,BC65,於,
滴,BD65,施,
敌,C565,旅,
底,CB65,旋,
递,CF65,族,
颠,D765,旗,
巅,E265,既,
叠,E565,日,
碟,E765,旧,
蝶,E965,早,
盯,FA65,旺,
钉,0766,昇,
顶,0E66,明,
东,1366,易,
懂,1466,昔,
栋,1F66,星,
洞,2066,映,
斗,2566,春,
逗,2866,昨,
赌,2D66,昭,
肚,2F66,是,
端,3C66,昼,
锻,4266,時,
顿,4366,晃,
夺,4B66,晋,
朵,6966,晩,
躲,6E66,普,
呃,6F66,景,
恶,7466,晴,
饿,7666,晶,
诶,7A66,智,
儿,8166,暁,
耳,8766,暇,
乏,9166,暑,
筏,9666,暖,
翻,9766,暗,
凡,AE66,暮,
烦,B466,暴,
泛,C766,曇,
饭,DC66,曜,
范,F266,曲,
妨,F466,更,
访,F866,書,
匪,FF66,替,
废,0067,最,
沸,0867,月,
费,0967,有,
吩,0D67,服,
氛,1767,朗,
奋,1B67,望,
丰,1D67,朝,
疯,1F67,期,
峰,2867,木,
奉,2A67,未,
夫,2B67,末,
肤,2C67,本,
敷,2D67,札,
俘,3467,朴,
福,4F67,杏,
父,5067,材,
付,5167,村,
负,5367,杓,
附,5667,杖,
咐,5C67,杜,
赴,5F67,束,
副,6167,条,
富,6567,来,
赋,6F67,杯,
覆,7167,東,
嘎,7E67,松,
概,7F67,板,
甘,9067,析,
赶,9767,林,
敢,9A67,枚,
刚,9C67,果,
搞,AF67,枯,
告,B667,架,
搁,C467,柄,
歌,CF67,柏,
阁,D067,某,
跟,D367,染,
耕,D467,柔,
公,F367,柳,
功,F567,柵,
恭,FB67,査,
共,0468,栄,
构,1768,栗,
购,2168,校,
估,2A68,株,
呱,3968,根,
咕,3C68,格,
姑,3D68,栽,
孤,4368,桃,
骨,4868,案,
蛊,5468,桔,
鼓,5C68,桜,
顾,8568,梅,
瓜,9768,梗,
刮,B068,械,
挂,C468,棄,
乖,D268,棒,
冠,DA68,棚,
管,EE68,森,
光,F268,棲,
广,0069,椀,
归,0D69,植,
鬼,1C69,検,
柜,3069,椰,
桂,3F69,椿,
滚,4A69,楊,
国,6D69,業,
哈,7569,極,
咳,7C69,楼,
还,7D69,楽,
害,CB69,構,
汉,CD69,槍,
汗,D869,様,
憾,196A,標,
撼,216A,模,
毫,296A,権,
豪,2A6A,横,
呵,2B6A,樫,
何,396A,樹,
和,3D6A,樽,
贺,4B6A,橋,
嘿,5F6A,機,
狠,8E6A,檎,
哼,206B,欠,
恒,216B,次,
横,276B,欧,
宏,326B,欲,
吼,4C6B,歌,
呼,536B,歓,
胡,626B,止,
糊,636B,正,
蝴,646B,此,
护,666B,武,
华,696B,歩,
化,6A6B,歪,
划,6F6B,歯,
怀,736B,歳,
坏,746B,歴,
环,7B6B,死,
缓,8A6B,殊,
幻,8B6B,残,
唤,966B,殖,
荒,B56B,段,
慌,BA6B,殺,
谎,BB6B,殻,
挥,BF6B,殿,
悔,CD6B,母,
讳,CE6B,毎,
慧,D26B,毒,
浑,D46B,比,
魂,D86B,毘,
活,DB6B,毛,
火,0F6C,氏,
货,116C,民,
嚯,176C,気,
饥,346C,水,
唧,376C,氷,
姬,386C,永,
激,416C,汁,
及,426C,求,
级,4E6C,汎,
极,576C,汗,
急,5A6C,汚,
集,5D6C,汝,
籍,5F6C,江,
计,606C,池,
忌,7A6C,決,
际,886C,沈,
既,8C6C,沌,
寂,966C,沖,
寄,996C,沙,
夹,A16C,没,
嘉,A26C,沢,
甲,AB6C,沫,
价,B36C,河,
驾,B86C,沸,
尖,B96C,油,
坚,BB6C,治,
捡,BF6C,沿,
见,C16C,況,
件,C96C,泉,
荐,D56C,法,
健,E16C,泡,
键,E26C,波,
江,E36C,泣,
讲,E56C,泥,
酱,E86C,注,
交,F06C,泰,
浇,F36C,泳,
骄,0B6D,洋,
焦,126D,洒,
脚,176D,洗,
叫,1E6D,洞,
教,1F6D,洟,
皆,256D,津,
节,2A6D,洪,
捷,3B6D,活,
竭,3E6D,派,
介,416D,流,
届,446D,浄,
界,456D,浅,
斤,5C6D,浜,
筋,666D,浦,
仅,696D,浩,
尽,6A6D,浪,
紧,6E6D,浮,
劲,746D,浴,
近,776D,海,
浸,786D,浸,
经,886D,消,
惊,996D,涙,
精,9B6D,涛,
颈,B26D,液,
憬,BC6D,涼,
净,C06D,淀,
径,CB6D,淋,
竞,E16D,淡,
竟,F16D,深,
敬,F76D,混,
静,FB6D,添,
镜,056E,清,
纠,086E,済,
究,0B6E,渋,
啾,1B6E,減,
久,216E,渡,
救,296E,温,
居,2C6E,測,
沮,2F6E,港,
句,3E6E,渾,
剧,566E,湖,
聚,586E,湘,
觉,6F6E,湯,
军,7F6E,湿,
咔,806E,満,
慨,906E,源,
康,966E,準,
考,A26E,溢,
烤,B66E,溶,
靠,BA6E,溺,
苛,C56E,滅,
颗,DD6E,滝,
壳,DE6E,滞,
客,F46E,滴,
肯,F86E,滸,
啃,016F,漁,
坑,026F,漂,
空,066F,漆,
苦,146F,演,
跨,156F,漕,
况,206F,漠,
矿,226F,漢,
亏,2B6F,漫,
盔,2C6F,漬,
窥,5C6F,潜,
愧,5F6F,潟,
溃,646F,潤,
昆,6E6F,潮,
阔,846F,澄,
辣,A46F,澤,
啦,C06F,激,
赖,C36F,濃,
栏,E16F,濡,
懒,2C70,瀬,
烂,6B70,火,
螂,6F70,灯,
浪,7070,灰,
牢,7C70,灼,
类,7D70,災,
嘞,8970,炉,
冷,8E70,炎,
漓,AD70,炭,
礼,B870,炸,
理,B970,点,
历,BA70,為,
厉,C870,烈,
丽,CF70,烏,
例,1971,焙,
砺,2171,無,
脸,2671,焦,
练,3671,然,
炼,3C71,焼,
良,4C71,煌,
粮,4E71,煎,
两,5971,煙,
亮,6771,照,
聊,6971,煩,
缭,6E71,煮,
料,8A71,熊,
烈,9F71,熟,
猎,B171,熱,
裂,C371,燃,
邻,C871,燈,
临,E571,燥,
淋,0672,爆,
凛,1B72,爛,
聆,2A72,爪,
令,3572,爵,
另,3672,父,
溜,3A72,爺,
流,3D72,爽,
留,4772,片,
六,4872,版,
笼,4C72,牌,
隆,5B72,牛,
喽,6172,牡,
噜,6272,牢,
虏,6772,牧,
陆,6972,物,
履,7272,牲,
律,7972,特,
虑,A072,犠,
略,AC72,犬,
伦,AF72,犯,
锣,B672,状,
麻,C272,狂,
嘛,D072,狐,
买,D772,狗,
迈,D972,狙,
蛮,E972,狩,
慢,EC72,独,
漫,ED72,狭,
忙,FC72,狼,
貌,1B73,猛,
么,2A73,猪,
没,2B73,猫,
霉,3F73,猿,
每,4473,獄,
妹,4573,獅,
寐,6373,獣,
魅,7273,獲,
门,8473,玄,
闷,8773,率,
梦,8973,玉,
迷,8B73,王,
谜,A973,玩,
觅,CD73,珍,
秘,E073,珠,
免,FE73,現,
妙,0374,球,
民,0674,理,
铭,0974,琉,
命,3474,琴,
摸,A774,璧,
摩,B074,環,
磨,DC74,瓜,
抹,E374,瓣,
陌,1875,甘,
莫,1F75,生,
寞,2375,産,
谋,2675,甦,
某,2875,用,
幕,3075,田,
慕,3175,由,
拿,3275,甲,
呐,3375,申,
乃,3775,男,
耐,3A75,町,
囊,3B75,画,
恼,4C75,界,
脑,5175,畑,
呢,5475,畔,
嗯,5975,留,
你,6575,略,
拟,6A75,番,
腻,7075,異,
年,7375,畳,
念,9175,疑,
娘,B275,疲,
捏,BE75,疾,
您,C575,病,
弄,C775,症,
努,DB75,痛,
喔,4276,療,
噢,5276,癒,
哦,5676,癖,
偶,7A76,発,
啪,7B76,登,
怕,7C76,發,
拍,7D76,白,
派,7E76,百,
盘,8476,的,
判,8676,皆,
盼,AE76,皮,
庞,C676,盆,
跑,CA76,益,
陪,D776,盗,
培,DB76,盛,
配,E376,監,
朋,E476,盤,
膨,EE76,目,
碰,F476,直,
批,F876,相,
篇,FE76,盾,
片,0177,省,
骗,0B77,看,
票,0C77,県,
漂,1F77,真,
撇,2077,眠,
拼,3A77,眺,
品,3C77,眼,
凭,4077,着,
瓶,6177,睡,
扑,6377,督,
谱,6677,睦,
期,9177,瞑,
骑,AC77,瞬,
鳍,B377,瞳,
契,DB77,矛,
千,E277,矢,
钱,E577,知,
潜,E977,矩,
浅,ED77,短,
歉,F377,石,
枪,0278,砂,
腔,1478,研,
敲,1578,砕,
瞧,3278,砲,
巧,3478,破,
窍,5D78,硝,
翘,6C78,硬,
且,A778,碧,
怯,BA78,確,
亲,C178,磁,
勤,E878,磨,
擒,0179,礁,
轻,3A79,示,
倾,3C79,礼,
清,3E79,社,
穷,4879,祈,
求,5079,祐,
区,5679,祖,
觑,5D79,祝,
趣,5E79,神,
圈,6079,祠,
权,6879,票,
泉,6D79,祭,
拳,7779,祷,
却,8179,禁,
群,8479,禄,
然,8579,禅,
燃,8F79,福,
染,C079,秀,
壤,C179,私,
饶,CB79,秋,
绕,D179,科,
惹,D279,秒,
认,D879,秘,
任,F079,称,
仍,FB79,移,
日,007A,稀,
茸,0B7A,程,
荣,2E7A,種,
肉,3D7A,稽,
乳,4D7A,積,
软,4F7A,穏,
若,637A,穣,
洒,747A,穴,
飒,767A,究,
塞,7A7A,空,
三,817A,突,
丧,927A,窒,
扫,937A,窓,
沙,9F7A,窟,
山,AE7A,窮,
闪,CB7A,立,
善,DC7A,竜,
擅,E07A,章,
伤,E57A,童,
赏,EF7A,端,
烧,F67A,競,
绍,F97A,竹,
舌,117B,笑,
谁,1B7B,笛,
伸,207B,笠,
身,267B,符,
什,2C7B,第,
神,397B,笹,
甚,467B,筆,
牲,497B,等,
省,4B7B,筋,
剩,507B,筐,
师,547B,答,
施,567B,策,
狮,7A7B,筺,
十,877B,箇,
识,977B,算,
实,A17B,管,
拾,B17B,箱,
食,C07B,節,
士,C97B,築,
世,ED7B,篭,
侍,217C,簡,
视,4D7C,籍,
适,737C,米,
收,897C,粉,
守,8B7C,粋,
首,927C,粒,
狩,977C,粗,
授,987C,粘,
殊,A77C,粧,
舒,BE7C,精,
蔬,D67C,糖,
熟,E77C,糧,
属,F87C,糸,
竖,FB7C,系,
墅,007D,紀,
唰,047D,約,
甩,057D,紅,
帅,0B7D,紋,
霜,0D7D,納,
爽,147D,純,
睡,197D,紙,
顺,1A7D,級,
瞬,1B7D,紛,
硕,207D,素,
丝,217D,紡,
思,227D,索,
嘶,307D,細,
死,337D,紳,
四,397D,紹,
饲,427D,終,
松,447D,組,
诵,467D,絆,
俗,4C7D,経,
夙,507D,結,
诉,617D,絡,
肃,667D,給,
速,717D,統,
宿,757D,絵,
算,767D,絶,
虽,797D,絹,
岁,997D,継,
碎,9A7D,続,
隧,BA7D,綺,
孙,CA7D,緊,
缩,CB7D,緋,
索,CF7D,総,
他,D17D,緑,
踏,D27D,緒,
蹋,DA7D,線,
台,E07D,締,
坛,E87D,編,
谈,F47D,練,
坦,017E,縁,
探,047E,縄,
堂,1B7E,縛,
糖,267E,縦,
逃,2B7E,縫,
讨,2E7E,縮,
套,3E7E,績,
腾,417E,繁,
体,4B7E,繋,
替,4D7E,繍,
天,547E,織,
添,5A7E,繚,
田,707E,繰,
甜,8F7E,纏,
填,367F,缶,
贴,607F,罠,
听,6A7F,罪,
挺,6E7F,置,
童,707F,罰,
痛,757F,罵,
偷,857F,羅,
投,8A7F,羊,
透,8E7F,美,
涂,9E7F,羞,
土,A47F,群,
吐,A97F,義,
团,B97F,羹,
推,BD7F,羽,
腿,CC7F,翌,
吞,D27F,習,
托,D47F,翔,
挖,FB7F,翻,
蛙,FC7F,翼,
哇,0180,老,
晚,0380,考,
万,0580,者,
王,1080,耐,
网,1580,耕,
忘,3380,耳,
望,5680,聖,
威,5E80,聞,
围,7480,聴,
唯,7780,職,
伟,8980,肉,
卫,8C80,肌,
味,9D80,肝,
畏,A580,肥,
胃,A980,肩,
谓,B280,育,
喂,C380,胃,
温,C680,胆,
闻,CC80,背,
稳,E180,胡,
问,F480,胴,
窝,F880,胸,
握,FD80,能,
呜,0281,脂,
唔,0581,脅,
五,0881,脈,
武,1A81,脚,
务,3181,脱,
误,3381,脳,
悟,5081,腐,
吸,5581,腕,
西,7081,腰,
希,7981,腹,
息,9A81,膚,
牺,9C81,膜,
悉,A881,膨,
犀,E381,臣,
稀,E881,臨,
习,EA81,自,
细,F381,至,
瑕,F481,致,
吓,0882,興,
鲜,0C82,舌,
闲,0E82,舎,
涎,1E82,舞,
衔,2A82,航,
显,2C82,般,
险,3982,船,
现,4782,艇,
限,6682,艦,
羡,6F82,良,
献,7282,色,
乡,7682,艶,
香,9D82,芝,
祥,A682,芦,
享,AD82,芭,
响,B182,花,
想,B882,芸,
象,E582,若,
宵,E682,苦,
晓,F182,英,
笑,3683,茶,
歇,4983,草,
邪,5283,荒,
写,5883,荘,
泄,7783,荷,
谢,AB83,莫,
懈,D383,菓,
辛,DC83,菜,
形,EB83,菫,
型,EF83,華,
醒,0C84,萌,
兴,3D84,落,
雄,4984,葉,
休,B884,蒸,
修,BC84,蒼,
咻,CB84,蓋,
秀,EE84,蓮,
须,3585,蔵,
虚,4E85,蕎,
嘘,8785,薇,
需,9485,薔,
旭,AB85,薫,
序,AC85,薬,
绪,E485,藤,
轩,FB85,藻,
宣,0786,蘇,
悬,2D86,蘭,
学,5A86,虚,
血,5C86,虜,
询,6B86,虫,
训,7986,虹,
迅,C786,蛇,
逊,CD86,蛍,
牙,EE86,蛮,
哑,0087,蜀,
呀,0287,蜂,
严,1C87,蜜,
言,3787,蜷,
岩,5587,蝕,
研,7687,蝶,
衍,8D87,融,
厌,BA87,螺,
验,E087,蟠,
养,2388,蠣,
痒,4088,血,
样,4688,衆,
腰,4C88,行,
遥,5388,術,
咬,5788,街,
椰,5B88,衛,
耶,5D88,衝,
野,6388,衣,
夜,6888,表,
衣,8B88,袋,
依,AB88,被,
噫,B488,袴,
仪,C188,裁,
宜,C288,裂,
移,C588,装,
遗,CF88,裏,
疑,D588,裕,
义,DC88,補,
议,FD88,製,
亦,0789,複,
异,0C89,褌,
弈,1289,褒,
益,2A89,褪,
逸,7289,襲,
溢,7F89,西,
毅,8189,要,
阴,8689,覆,
引,8789,覇,
印,8B89,見,
英,8F89,規,
迎,9689,視,
营,9789,覗,
颖,9A89,覚,
影,A789,覧,
硬,AA89,親,
哟,B389,観,
拥,D289,角,
永,E389,解,
咏,E689,触,
泳,008A,言,
勇,088A,計,
优,0E8A,討,
呦,138A,訓,
悠,178A,託,
油,188A,記,
又,2A8A,訪,
佑,2D8A,設,
余,318A,許,
愉,338A,訳,
予,348A,訴,
宇,368A,訶,
语,3C8A,証,
驭,558A,評,
育,5E8A,詞,
浴,608A,詠,
欲,668A,試,
喻,698A,詩,
愈,708A,詰,
元,718A,話,
圆,738A,詳,
援,878A,誇,
远,898A,誉,
怨,8C8A,誌,
约,8D8A,認,
月,938A,誓,
跃,958A,誕,
越,988A,誘,
杂,9E8A,語,
砸,A08A,誠,
哉,A48A,誤,
载,AC8A,説,
咱,AD8A,読,
赞,B08A,誰,
糟,B28A,課,
凿,BF8A,調,
早,C78A,談,
躁,CB8A,請,
责,D68A,論,
怎,E68A,諦,
扎,E78A,諧,
渣,F88A,諸,
榨,FE8A,諾,
摘,008B,謀,
展,0E8B,謎,
湛,1D8B,謝,
张,218B,謡,
章,338B,謳,
彰,588B,識,
蟑,5A8B,譚,
涨,5C8B,譜,
掌,668B,警,
胀,708B,議,
爪,728B,譲,
召,778B,護,
照,838B,讃,
折,378C,谷,
者,468C,豆,
针,4A8C,豊,
珍,618C,象,
阵,6A8C,豪,
震,8C8C,貌,
争,9D8C,貝,
证,A08C,負,
支,A18C,財,
知,A28C,貢,
织,A88C,貨,
执,A98C,販,
职,AB8C,貫,
殖,AC8C,責,
志,AF8C,貯,
治,B08C,貰,
质,B48C,貴,
致,B78C,買,
智,B88C,貸,
种,BB8C,費,
众,C08C,賀,
周,C78C,資,
竹,CA8C,賊,
瞩,D18C,賑,
助,DB8C,賛,
祝,DE8C,賞,
抓,E28C,賢,
专,EA8C,質,
赚,088D,贈,
庄,648D,赤,
壮,668D,赦,
追,708D,走,
准,748D,赴,
卓,778D,起,
茁,858D,超,
姿,8A8D,越,
资,A38D,趣,
仔,B38D,足,
走,DD8D,距,
奏,E18D,跡,
足,EF8D,路,
阻,F38D,跳,
组,F58D,践,
钻,0A8E,踊,
嘴,0F8E,踏,
尊,428E,蹂,
遵,488E,蹈,
坐,5F8E,蹟,
座,748E,蹴,
做,8D8E,躍,
哧,998E,躙,
嫩,AB8E,身,
捕,CA8E,車,
掘,CC8E,軌,
斑,CD8E,軍,
柠,DF8E,軟,
棕,E28E,転,
椿,FD8E,軽,
樱,098F,載,
橙,1D8F,輝,
檬,298F,輩,
渔,2A8F,輪,
漆,498F,轉,
琪,5F8F,轟,
茄,9B8F,辛,
褐,9E8F,辞,
,B28F,農,
,BA8F,辺,
,BC8F,込,
,CE8F,迎,
,D18F,近,
,D48F,返,
,E68F,迦,
,EB8F,迫,
,F78F,迷,
,FD8F,追,
,0090,退,
,0190,送,
,0390,逃,
,0690,逆,
,0F90,透,
,1490,途,
,1A90,通,
,1F90,速,
,2090,造,
,2290,逢,
,2390,連,
,3190,週,
,3290,進,
,4190,遁,
,4290,遂,
,4590,遅,
,4790,遇,
,4A90,遊,
,4B90,運,
,4E90,過,
,5390,道,
,5490,達,
,5590,違,
,6090,遠,
,6190,遡,
,6390,遣,
,6590,遥,
,6990,適,
,6D90,遭,
,7890,選,
,7A90,遺,
,7F90,避,
,8190,邁,
,8490,還,
,A390,那,
,AA90,邪,
,CA90,郊,
,CE90,郎,
,E890,部,
,F590,郵,
,F790,郷,
,FD90,都,
,4D91,配,
,5291,酒,
,5491,酔,
,7791,酷,
,7891,酸,
,8D91,醍,
,9091,醐,
,9291,醒,
,9C91,醜,
,C791,采,
,C891,釈,
,CC91,里,
,CD91,重,
,CE91,野,
,CF91,量,
,D191,金,
,D891,釘,
,DD91,針,
,E391,釣,
,0D92,鈍,
,3492,鈴,
,4492,鉄,
,5B92,鉛,
,7192,鉱,
,8092,銀,
,8392,銃,
,8592,銅,
,9892,銘,
,AD92,銭,
,ED92,鋭,
,FC92,鋼,
,0693,錆,
,2C93,錬,
,2F93,錯,
,3293,録,
,4B93,鍋,
,5B93,鍛,
,7593,鍵,
,8C93,鎌,
,9693,鎖,
,A793,鎧,
,AE93,鎮,
,E193,鏡,
,1894,鐘,
,5194,鑑,
,7795,長,
,8095,門,
,8395,閃,
,8995,閉,
,8B95,開,
,9195,閑,
,9395,間,
,A295,関,
,A395,閣,
,A495,閤,
,B295,閲,
,C795,闇,
,D895,闘,
,DC95,關,
,1C96,阜,
,2A96,阪,
,3296,防,
,3F96,阿,
,4D96,降,
,5096,限,
,6296,院,
,6396,陣,
,6496,除,
,7096,陰,
,7596,陵,
,7696,陶,
,7896,陸,
,7A96,険,
,7D96,陽,
,8596,隅,
,8696,隆,
,8896,隈,
,8A96,隊,
,8E96,階,
,9496,隔,
,9596,隕,
,9996,隙,
,9B96,際,
,9C96,障,
,A096,隠,
,A396,隣,
,C096,雀,
,C496,雄,
,C596,雅,
,C696,集,
,D196,雑,
,E296,離,
,E396,難,
,E896,雨,
,EA96,雪,
,EB96,雫,
,F096,雰,
,F296,雲,
,F696,零,
,F796,雷,
,FB96,電,
,0797,震,
,0A97,霊,
,1C97,霜,
,2797,霧,
,3297,露,
,5297,青,
,5697,靖,
,5997,静,
,5E97,非,
,6297,面,
,6997,革,
,7497,靴,
,A097,鞠,
,D397,韓,
,F397,音,
,FB97,韻,
,FF97,響,
,0298,頂,
,0398,頃,
,0598,項,
,0698,順,
,1098,預,
,1198,頑,
,1898,領,
,2C98,頬,
,2D98,頭,
,3C98,頼,
,3D98,頽,
,4C98,題,
,5498,顔,
,5898,願,
,5E98,類,
,A898,風,
,AF98,颯,
,B198,颱,
,DB98,飛,
,DF98,食,
,EF98,飯,
,F298,飲,
,FC98,飼,
,FD98,飽,
,FE98,飾,
,0399,餃,
,0599,餅,
,0A99,養,
,0C99,餌,
,2199,餡,
,2899,館,
,4599,饅,
,9699,首,
,9999,香,
,AC99,馬,
,B399,馳,
,B499,馴,
,C499,駄,
,C599,駅,
,C699,駆,
,D599,駕,
,0E9A,騎,
,129A,騒,
,139A,験,
,199A,騙,
,309A,騰,
,5A9A,驚,
,A89A,骨,
,C49A,髄,
,D89A,高,
,EA9A,髪,
,ED9A,髭,
,3C9B,鬼,
,429B,魂,
,459B,魅,
,549B,魔,
,5A9B,魚,
,AE9B,鮮,
,DB9B,鯛,
,139C,鰓,
,E59C,鳥,
,F39C,鳳,
,F49C,鳴,
,289D,鴨,
,6F9D,鵯,
,B49D,鶴,
,F99D,鷹,
,7F9E,鹿,
,979E,麗,
,A69E,麦,
,A99E,麩,
,BA9E,麺,
,BB9E,麻,
,C49E,黄,
,CD9E,黍,
,CE9E,黎,
,D29E,黒,
,D99E,黙,
,139F,鼓,
,3B9F,鼻,
,629F,齢,
,8D9F,龍,
！,01FF,！,
＂,02FF,＂,
＃,03FF,＃,
＄,04FF,＄,
％,05FF,％,
＆,06FF,＆,
＇,07FF,＇,
（,08FF,（,
）,09FF,）,
＊,0AFF,＊,
＋,0BFF,＋,
，,0CFF,，,
－,0DFF,－,
．,0EFF,．,
／,0FFF,／,
０,10FF,０,
１,11FF,１,
２,12FF,２,
３,13FF,３,
４,14FF,４,
５,15FF,５,
６,16FF,６,
７,17FF,７,
８,18FF,８,
９,19FF,９,
：,1AFF,：,
；,1BFF,；,
＜,1CFF,＜,
＝,1DFF,＝,
＞,1EFF,＞,
？,1FFF,？,
＠,20FF,＠,
Ａ,21FF,Ａ,
Ｂ,22FF,Ｂ,
Ｃ,23FF,Ｃ,
Ｄ,24FF,Ｄ,
Ｅ,25FF,Ｅ,
Ｆ,26FF,Ｆ,
Ｇ,27FF,Ｇ,
Ｈ,28FF,Ｈ,
Ｉ,29FF,Ｉ,
Ｊ,2AFF,Ｊ,
Ｋ,2BFF,Ｋ,
Ｌ,2CFF,Ｌ,
Ｍ,2DFF,Ｍ,
Ｎ,2EFF,Ｎ,
Ｏ,2FFF,Ｏ,
Ｐ,30FF,Ｐ,
Ｑ,31FF,Ｑ,
Ｒ,32FF,Ｒ,
Ｓ,33FF,Ｓ,
Ｔ,34FF,Ｔ,
Ｕ,35FF,Ｕ,
Ｖ,36FF,Ｖ,
Ｗ,37FF,Ｗ,
Ｘ,38FF,Ｘ,
Ｙ,39FF,Ｙ,
Ｚ,3AFF,Ｚ,
［,3BFF,［,
＼,3CFF,＼,
］,3DFF,］,
＾,3EFF,＾,
＿,3FFF,＿,
｀,40FF,｀,
ａ,41FF,ａ,
ｂ,42FF,ｂ,
ｃ,43FF,ｃ,
ｄ,44FF,ｄ,
ｅ,45FF,ｅ,
ｆ,46FF,ｆ,
ｇ,47FF,ｇ,
ｈ,48FF,ｈ,
ｉ,49FF,ｉ,
ｊ,4AFF,ｊ,
ｋ,4BFF,ｋ,
ｌ,4CFF,ｌ,
ｍ,4DFF,ｍ,
ｎ,4EFF,ｎ,
ｏ,4FFF,ｏ,
ｐ,50FF,ｐ,
ｑ,51FF,ｑ,
ｒ,52FF,ｒ,
ｓ,53FF,ｓ,
ｔ,54FF,ｔ,
ｕ,55FF,ｕ,
ｖ,56FF,ｖ,
ｗ,57FF,ｗ,
ｘ,58FF,ｘ,
ｙ,59FF,ｙ,
ｚ,5AFF,ｚ,
｛,5BFF,｛,
｜,5CFF,｜,
｝,5DFF,｝,
～,5EFF,～,
｢,62FF,｢,
｣,63FF,｣,
･,65FF,･,
ｬ,6CFF,ｬ,
ｯ,6FFF,ｯ,
ｰ,70FF,ｰ,
ｲ,72FF,ｲ,
ｴ,74FF,ｴ,
ｶ,76FF,ｶ,
ｷ,77FF,ｷ,
ｸ,78FF,ｸ,
ｹ,79FF,ｹ,
ｻ,7BFF,ｻ,
ｼ,7CFF,ｼ,
ｽ,7DFF,ｽ,
ﾀ,80FF,ﾀ,
ﾂ,82FF,ﾂ,
ﾃ,83FF,ﾃ,
ﾄ,84FF,ﾄ,
ﾆ,86FF,ﾆ,
ﾇ,87FF,ﾇ,
ﾊ,8AFF,ﾊ,
ﾋ,8BFF,ﾋ,
ﾌ,8CFF,ﾌ,
ﾎ,8EFF,ﾎ,
ﾏ,8FFF,ﾏ,
ﾑ,91FF,ﾑ,
ﾔ,94FF,ﾔ,
ﾖ,96FF,ﾖ,
ﾗ,97FF,ﾗ,
ﾘ,98FF,ﾘ,
ﾙ,99FF,ﾙ,
ﾚ,9AFF,ﾚ,
ﾛ,9BFF,ﾛ,
ﾝ,9DFF,ﾝ,
ﾞ,9EFF,ﾞ,
ﾟ,9FFF,ﾟ,
￡,E1FF,￡,
￣,E3FF,￣,
￥,E5FF,￥,
