　,A1A1,　
Ａ,A1A2,、
Ｂ,A1A3,。
Ｃ,A1A4,，
Ｄ,A1A5,．
Ｅ,A1A6,・
Ｆ,A1A7,：
Ｇ,A1A8,；
Ｈ,A1A9,？
Ｉ,A1AA,！
Ｊ,A1AB,゛
Ｋ,A1AC,゜
Ｌ,A1AD,´
Ｍ,A1AE,｀
Ｎ,A1AF,¨
Ｏ,A1B0,＾
Ｐ,A1B1,￣
Ｑ,A1B2,＿
Ｒ,A1B3,ヽ
Ｓ,A1B4,ヾ
Ｔ,A1B5,ゝ
Ｕ,A1B6,ゞ
Ｖ,A1B7,〃
Ｗ,A1B8,仝
Ｘ,A1B9,々
Ｙ,A1BA,〆
Ｚ,A1BB,〇
ａ,A1BC,ー
ｂ,A1BD,―
ｃ,A1BE,‐
ｄ,A1BF,／
ｅ,A1C0,\
ｆ,A1C1,～
ｇ,A1C2,‖
ｈ,A1C3,｜
ｉ,A1C4,…
ｊ,A1C5,‥
ｋ,A1C6,‘
ｌ,A1C7,’
ｍ,A1C8,“
ｎ,A1C9,”
ｏ,A1CA,（
ｐ,A1CB,）
ｑ,A1CC,〔
ｒ,A1CD,〕
ｓ,A1CE,［
ｔ,A1CF,］
ｕ,A1D0,｛
ｖ,A1D1,｝
ｗ,A1D2,〈
ｘ,A1D3,〉
ｙ,A1D4,《
ｚ,A1D5,》
0,A1D6,「
1,A1D7,」
2,A1D8,『
3,A1D9,』
4,A1DA,【
5,A1DB,】
6,A1DC,＋
7,A1DD,−
8,A1DE,±
9,A1DF,×
。,A1E0,÷
？,A1E1,＝
！,A1E2,≠
，,A1E3,＜
、,A1E4,＞
：,A1E5,≦
；,A1E6,≧
＂,A1E7,∞
＂,A1E8,∴
（,A1E9,♂
）,A1EA,♀
—,A1EB,°
…,A1EC,′
《,A1ED,″
》,A1EE,℃
～,A1EF,￥
．,A1F0,＄
阿,A1F1,¢
啊,A1F2,£
哎,A1F3,％
哀,A1F4,＃
唉,A1F5,＆
埃,A1F6,＊
挨,A1F7,＠
癌,A1F8,§
矮,A1F9,☆
艾,A1FA,★
爱,A1FB,○
碍,A1FC,●
安,A1FD,◎
氨,A1FE,◇
俺,A2A1,◆
岸,A2A2,□
按,A2A3,■
案,A2A4,△
暗,A2A5,▲
昂,A2A6,▽
凹,A2A7,▼
熬,A2A8,※
傲,A2A9,〒
奥,A2AA,→
澳,A2AB,←
八,A2AC,↑
巴,A2AD,↓
叭,A2AE,〓
吧,A2BA,∈
拔,A2BB,∋
把,A2BC,⊆
坝,A2BD,⊇
爸,A2BE,⊂
罢,A2BF,⊃
霸,A2C0,∪
白,A2C1,∩
百,A2CA,∧
柏,A2CB,∨
摆,A2CC,￢
败,A2CD,⇒
拜,A2CE,⇔
班,A2CF,∀
般,A2D0,∃
颁,A2DC,∠
斑,A2DD,⊥
搬,A2DE,⌒
板,A2DF,∂
版,A2E0,∇
办,A2E1,≡
半,A2E2,≒
伴,A2E3,≪
扮,A2E4,≫
瓣,A2E5,√
邦,A2E6,∽
帮,A2E7,∝
膀,A2E8,∵
傍,A2E9,∫
棒,A2EA,∬
包,A2F2,Å
胞,A2F3,‰
宝,A2F4,♯
饱,A2F5,♭
保,A2F6,♪
堡,A2F7,†
报,A2F8,‡
抱,A2F9,¶
豹,A2FE,◯
暴,A3B0,0
爆,A3B1,1
卑,A3B2,2
杯,A3B3,3
悲,A3B4,4
碑,A3B5,5
北,A3B6,6
贝,A3B7,7
备,A3B8,8
背,A3B9,9
倍,A3C1,Ａ
被,A3C2,Ｂ
辈,A3C3,Ｃ
奔,A3C4,Ｄ
本,A3C5,Ｅ
崩,A3C6,Ｆ
逼,A3C7,Ｇ
鼻,A3C8,Ｈ
比,A3C9,Ｉ
彼,A3CA,Ｊ
笔,A3CB,Ｋ
币,A3CC,Ｌ
必,A3CD,Ｍ
毕,A3CE,Ｎ
闭,A3CF,Ｏ
辟,A3D0,Ｐ
碧,A3D1,Ｑ
蔽,A3D2,Ｒ
壁,A3D3,Ｓ
避,A3D4,Ｔ
臂,A3D5,Ｕ
边,A3D6,Ｖ
编,A3D7,Ｗ
蝙,A3D8,Ｘ
鞭,A3D9,Ｙ
扁,A3DA,Ｚ
便,A3E1,ａ
变,A3E2,ｂ
遍,A3E3,ｃ
辨,A3E4,ｄ
辩,A3E5,ｅ
标,A3E6,ｆ
表,A3E7,ｇ
别,A3E8,ｈ
宾,A3E9,ｉ
滨,A3EA,ｊ
冰,A3EB,ｋ
兵,A3EC,ｌ
丙,A3ED,ｍ
柄,A3EE,ｎ
饼,A3EF,ｏ
并,A3F0,ｐ
病,A3F1,ｑ
拨,A3F2,ｒ
波,A3F3,ｓ
玻,A3F4,ｔ
剥,A3F5,ｕ
播,A3F6,ｖ
脖,A3F7,ｗ
伯,A3F8,ｘ
驳,A3F9,ｙ
泊,A3FA,ｚ
勃,A4A1,ぁ
博,A4A2,あ
搏,A4A3,ぃ
膊,A4A4,い
薄,A4A5,ぅ
卜,A4A6,う
补,A4A7,ぇ
捕,A4A8,え
不,A4A9,ぉ
布,A4AA,お
步,A4AB,か
部,A4AC,が
擦,A4AD,き
猜,A4AE,ぎ
才,A4AF,く
材,A4B0,ぐ
财,A4B1,け
裁,A4B2,げ
采,A4B3,こ
彩,A4B4,ご
踩,A4B5,さ
菜,A4B6,ざ
蔡,A4B7,し
参,A4B8,じ
餐,A4B9,す
残,A4BA,ず
蚕,A4BB,せ
惨,A4BC,ぜ
灿,A4BD,そ
仓,A4BE,ぞ
苍,A4BF,た
舱,A4C0,だ
藏,A4C1,ち
操,A4C2,ぢ
曹,A4C3,っ
槽,A4C4,つ
草,A4C5,づ
册,A4C6,て
侧,A4C7,で
测,A4C8,と
策,A4C9,ど
层,A4CA,な
叉,A4CB,に
插,A4CC,ぬ
查,A4CD,ね
茶,A4CE,の
察,A4CF,は
差,A4D0,ば
拆,A4D1,ぱ
柴,A4D2,ひ
缠,A4D3,び
产,A4D4,ぴ
阐,A4D5,ふ
颤,A4D6,ぶ
昌,A4D7,ぷ
长,A4D8,へ
肠,A4D9,べ
尝,A4DA,ぺ
偿,A4DB,ほ
常,A4DC,ぼ
厂,A4DD,ぽ
场,A4DE,ま
畅,A4DF,み
倡,A4E0,む
唱,A4E1,め
抄,A4E2,も
超,A4E3,ゃ
巢,A4E4,や
朝,A4E5,ゅ
潮,A4E6,ゆ
吵,A4E7,ょ
炒,A4E8,よ
车,A4E9,ら
扯,A4EA,り
彻,A4EB,る
撤,A4EC,れ
尘,A4ED,ろ
臣,A4EE,ゎ
沉,A4EF,わ
陈,A4F0,ゐ
闯,A4F1,ゑ
衬,A4F2,を
称,A4F3,ん
趁,A5A1,ァ
撑,A5A2,ア
成,A5A3,ィ
呈,A5A4,イ
承,A5A5,ゥ
诚,A5A6,ウ
城,A5A7,ェ
乘,A5A8,エ
惩,A5A9,ォ
程,A5AA,オ
橙,A5AB,カ
吃,A5AC,ガ
池,A5AD,キ
驰,A5AE,ギ
迟,A5AF,ク
持,A5B0,グ
匙,A5B1,ケ
尺,A5B2,ゲ
齿,A5B3,コ
斥,A5B4,ゴ
赤,A5B5,サ
翅,A5B6,ザ
充,A5B7,シ
冲,A5B8,ジ
虫,A5B9,ス
崇,A5BA,ズ
抽,A5BB,セ
仇,A5BC,ゼ
绸,A5BD,ソ
愁,A5BE,ゾ
筹,A5BF,タ
酬,A5C0,ダ
丑,A5C1,チ
瞅,A5C2,ヂ
臭,A5C3,ッ
出,A5C4,ツ
初,A5C5,ヅ
除,A5C6,テ
厨,A5C7,デ
础,A5C8,ト
储,A5C9,ド
楚,A5CA,ナ
处,A5CB,ニ
触,A5CC,ヌ
川,A5CD,ネ
穿,A5CE,ノ
传,A5CF,ハ
船,A5D0,バ
喘,A5D1,パ
串,A5D2,ヒ
窗,A5D3,ビ
床,A5D4,ピ
晨,A5D5,フ
创,A5D6,ブ
吹,A5D7,プ
垂,A5D8,ヘ
锤,A5D9,ベ
春,A5DA,ペ
纯,A5DB,ホ
唇,A5DC,ボ
醇,A5DD,ポ
词,A5DE,マ
瓷,A5DF,ミ
慈,A5E0,ム
辞,A5E1,メ
磁,A5E2,モ
雌,A5E3,ャ
此,A5E4,ヤ
次,A5E5,ュ
刺,A5E6,ユ
从,A5E7,ョ
匆,A5E8,ヨ
葱,A5E9,ラ
聪,A5EA,リ
丛,A5EB,ル
凑,A5EC,レ
粗,A5ED,ロ
促,A5EE,ヮ
催,A5EF,ワ
脆,A5F0,ヰ
翠,A5F1,ヱ
村,A5F2,ヲ
存,A5F3,ン
寸,A5F4,ヴ
措,A5F5,ヵ
错,A5F6,ヶ
搭,A6A1,Α
达,A6A2,Β
答,A6A3,Γ
打,A6A4,Δ
大,A6A5,Ε
呆,A6A6,Ζ
代,A6A7,Η
带,A6A8,Θ
待,A6A9,Ι
袋,A6AA,Κ
逮,A6AB,Λ
戴,A6AC,Μ
丹,A6AD,Ν
单,A6AE,Ξ
担,A6AF,Ο
胆,A6B0,Π
旦,A6B1,Ρ
但,A6B2,Σ
诞,A6B3,Τ
弹,A6B4,Υ
淡,A6B5,Φ
蛋,A6B6,Χ
氮,A6B7,Ψ
当,A6B8,Ω
挡,A6C1,α
党,A6C2,β
荡,A6C3,γ
刀,A6C4,δ
导,A6C5,ε
岛,A6C6,ζ
倒,A6C7,η
蹈,A6C8,θ
到,A6C9,ι
盗,A6CA,κ
道,A6CB,λ
稻,A6CC,μ
得,A6CD,ν
德,A6CE,ξ
的,A6CF,ο
灯,A6D0,π
登,A6D1,ρ
等,A6D2,σ
邓,A6D3,τ
凳,A6D4,υ
瞪,A6D5,φ
低,A6D6,χ
堤,A6D7,ψ
滴,A6D8,ω
迪,A7A1,А
敌,A7A2,Б
笛,A7A3,В
底,A7A4,Г
抵,A7A5,Д
地,A7A6,Е
弟,A7A7,Ё
帝,A7A8,Ж
递,A7A9,З
第,A7AA,И
颠,A7AB,Й
典,A7AC,К
点,A7AD,Л
电,A7AE,М
店,A7AF,Н
垫,A7B0,О
淀,A7B1,П
殿,A7B2,Р
雕,A7B3,С
吊,A7B4,Т
钓,A7B5,У
调,A7B6,Ф
掉,A7B7,Х
爹,A7B8,Ц
跌,A7B9,Ч
叠,A7BA,Ш
蝶,A7BB,Щ
丁,A7BC,Ъ
叮,A7BD,Ы
盯,A7BE,Ь
钉,A7BF,Э
顶,A7C0,Ю
订,A7C1,Я
定,A7D1,а
丢,A7D2,б
东,A7D3,в
冬,A7D4,г
懂,A7D5,д
动,A7D6,е
冻,A7D7,ё
洞,A7D8,ж
都,A7D9,з
斗,A7DA,и
抖,A7DB,й
陡,A7DC,к
豆,A7DD,л
督,A7DE,м
毒,A7DF,н
读,A7E0,о
独,A7E1,п
堵,A7E2,р
赌,A7E3,с
杜,A7E4,т
肚,A7E5,у
度,A7E6,ф
渡,A7E7,х
端,A7E8,ц
短,A7E9,ч
段,A7EA,ш
断,A7EB,щ
锻,A7EC,ъ
堆,A7ED,ы
队,A7EE,ь
对,A7EF,э
吨,A7F0,ю
敦,A7F1,я
蹲,A8A1,─
盾,A8A2,│
顿,A8A3,┌
多,A8A4,┐
夺,A8A5,┘
朵,A8A6,└
躲,A8A7,├
俄,A8A8,┬
鹅,A8A9,┤
额,A8AA,┴
恶,A8AB,┼
饿,A8AC,━
鳄,A8AD,┃
恩,A8AE,┏
儿,A8AF,┓
而,A8B0,┛
尔,A8B1,┗
耳,A8B2,┣
二,A8B3,┳
发,A8B4,┫
乏,A8B5,┻
伐,A8B6,╋
罚,A8B7,┠
阀,A8B8,┯
法,A8B9,┨
帆,A8BA,┷
番,A8BB,┿
翻,A8BC,┝
凡,A8BD,┰
烦,A8BE,┥
繁,A8BF,┸
反,A8C0,╂
返,ADA1,①
犯,ADA2,②
泛,ADA3,③
饭,ADA4,④
范,ADA5,⑤
贩,ADA6,⑥
方,ADA7,⑦
坊,ADA8,⑧
芳,ADA9,⑨
防,ADAA,⑩
妨,ADAB,⑪
房,ADAC,⑫
肪,ADAD,⑬
仿,ADAE,⑭
访,ADAF,⑮
纺,ADB0,⑯
放,ADB1,⑰
飞,ADB2,⑱
非,ADB3,⑲
啡,ADB4,⑳
菲,ADB5,Ⅰ
肥,ADB6,Ⅱ
废,ADB7,Ⅲ
沸,ADB8,Ⅳ
肺,ADB9,Ⅴ
费,ADBA,Ⅵ
分,ADBB,Ⅶ
纷,ADBC,Ⅷ
芬,ADBD,Ⅸ
坟,ADBE,Ⅹ
粉,ADC0,㍉
份,ADC1,㌔
奋,ADC2,㌢
愤,ADC3,㍍
粪,ADC4,㌘
丰,ADC5,㌧
风,ADC6,㌃
枫,ADC7,㌶
封,ADC8,㍑
疯,ADC9,㍗
峰,ADCA,㌍
锋,ADCB,㌦
蜂,ADCC,㌣
冯,ADCD,㌫
逢,ADCE,㍊
缝,ADCF,㌻
凤,ADD0,㎜
奉,ADD1,㎝
佛,ADD2,㎞
否,ADD3,㎎
夫,ADD4,㎏
肤,ADD5,㏄
孵,ADD6,㎡
弗,ADDF,㍻
伏,ADE0,〝
扶,ADE1,〟
服,ADE2,№
浮,ADE3,㏍
符,ADE4,℡
幅,ADE5,㊤
福,ADE6,㊥
辐,ADE7,㊦
蝠,ADE8,㊧
抚,ADE9,㊨
府,ADEA,㈱
辅,ADEB,㈲
腐,ADEC,㈹
父,ADED,㍾
付,ADEE,㍽
妇,ADEF,㍼
负,ADF0,≒
附,ADF1,≡
复,ADF2,∫
赴,ADF3,∮
副,ADF4,∑
傅,ADF5,√
富,ADF6,⊥
赋,ADF7,∠
腹,ADF8,∟
覆,ADF9,⊿
该,ADFA,∵
改,ADFB,∩
钙,ADFC,∪
盖,B0A1,亜
溉,B0A2,唖
概,B0A3,娃
干,B0A4,阿
甘,B0A5,哀
杆,B0A6,愛
肝,B0A7,挨
赶,B0A8,姶
敢,B0A9,逢
感,B0AA,葵
刚,B0AB,茜
岗,B0AC,穐
纲,B0AD,悪
缸,B0AE,握
钢,B0AF,渥
港,B0B0,旭
高,B0B1,葦
搞,B0B2,芦
稿,B0B3,鯵
告,B0B4,梓
戈,B0B5,圧
哥,B0B6,斡
胳,B0B7,扱
鸽,B0B8,宛
割,B0B9,姐
歌,B0BA,虻
阁,B0BB,飴
革,B0BC,絢
格,B0BD,綾
葛,B0BE,鮎
隔,B0BF,或
个,B0C0,粟
各,B0C1,袷
给,B0C2,安
根,B0C3,庵
跟,B0C4,按
更,B0C5,暗
耕,B0C6,案
工,B0C7,闇
弓,B0C8,鞍
公,B0C9,杏
功,B0CA,以
攻,B0CB,伊
供,B0CC,位
宫,B0CD,依
恭,B0CE,偉
巩,B0CF,囲
拱,B0D0,夷
共,B0D1,委
贡,B0D2,威
勾,B0D3,尉
沟,B0D4,惟
钩,B0D5,意
狗,B0D6,慰
构,B0D7,易
购,B0D8,椅
够,B0D9,為
估,B0DA,畏
咕,B0DB,異
姑,B0DC,移
孤,B0DD,維
菇,B0DE,緯
古,B0DF,胃
谷,B0E0,萎
股,B0E1,衣
骨,B0E2,謂
鼓,B0E3,違
固,B0E4,遺
故,B0E5,医
顾,B0E6,井
瓜,B0E7,亥
刮,B0E8,域
挂,B0E9,育
拐,B0EA,郁
怪,B0EB,磯
关,B0EC,一
观,B0ED,壱
官,B0EE,溢
冠,B0EF,逸
馆,B0F0,稲
管,B0F1,茨
贯,B0F2,芋
惯,B0F3,鰯
灌,B0F4,允
罐,B0F5,印
光,B0F6,咽
广,B0F7,員
归,B0F8,因
龟,B0F9,姻
规,B0FA,引
硅,B0FB,飲
轨,B0FC,淫
鬼,B0FD,胤
柜,B0FE,蔭
贵,B1A1,院
桂,B1A2,陰
滚,B1A3,隠
棍,B1A4,韻
郭,B1A5,吋
锅,B1A6,右
国,B1A7,宇
果,B1A8,烏
裹,B1A9,羽
过,B1AA,迂
哈,B1AB,雨
孩,B1AC,卯
海,B1AD,鵜
害,B1AE,窺
含,B1AF,丑
函,B1B0,碓
寒,B1B1,臼
韩,B1B2,渦
罕,B1B3,嘘
喊,B1B4,唄
汉,B1B5,欝
汗,B1B6,蔚
旱,B1B7,鰻
杭,B1B8,姥
航,B1B9,厩
毫,B1BA,浦
豪,B1BB,瓜
好,B1BC,閏
号,B1BD,噂
浩,B1BE,云
耗,B1BF,運
呵,B1C0,雲
喝,B1C1,荏
合,B1C2,餌
何,B1C3,叡
和,B1C4,営
河,B1C5,嬰
核,B1C6,影
荷,B1C7,映
盒,B1C8,曳
贺,B1C9,栄
褐,B1CA,永
赫,B1CB,泳
鹤,B1CC,洩
黑,B1CD,瑛
嘿,B1CE,盈
痕,B1CF,穎
很,B1D0,頴
狠,B1D1,英
恨,B1D2,衛
哼,B1D3,詠
恒,B1D4,鋭
横,B1D5,液
衡,B1D6,疫
轰,B1D7,益
哄,B1D8,駅
红,B1D9,悦
宏,B1DA,謁
洪,B1DB,越
虹,B1DC,閲
鸿,B1DD,榎
侯,B1DE,厭
喉,B1DF,円
猴,B1E0,園
吼,B1E1,堰
后,B1E2,奄
厚,B1E3,宴
候,B1E4,延
乎,B1E5,怨
呼,B1E6,掩
忽,B1E7,援
狐,B1E8,沿
胡,B1E9,演
壶,B1EA,炎
湖,B1EB,焔
葫,B1EC,煙
糊,B1ED,燕
蝴,B1EE,猿
虎,B1EF,縁
互,B1F0,艶
户,B1F1,苑
护,B1F2,薗
花,B1F3,遠
华,B1F4,鉛
哗,B1F5,鴛
滑,B1F6,塩
化,B1F7,於
划,B1F8,汚
画,B1F9,甥
话,B1FA,凹
桦,B1FB,央
怀,B1FC,奥
淮,B1FD,往
坏,B1FE,応
欢,B2A1,押
还,B2A2,旺
环,B2A3,横
缓,B2A4,欧
幻,B2A5,殴
唤,B2A6,王
换,B2A7,翁
患,B2A8,襖
荒,B2A9,鴬
慌,B2AA,鴎
皇,B2AB,黄
黄,B2AC,岡
煌,B2AD,沖
晃,B2AE,荻
灰,B2AF,億
恢,B2B0,屋
挥,B2B1,憶
辉,B2B2,臆
徽,B2B3,桶
回,B2B4,牡
毁,B2B5,乙
悔,B2B6,俺
汇,B2B7,卸
会,B2B8,恩
绘,B2B9,温
惠,B2BA,穏
慧,B2BB,音
昏,B2BC,下
婚,B2BD,化
浑,B2BE,仮
魂,B2BF,何
混,B2C0,伽
活,B2C1,価
火,B2C2,佳
伙,B2C3,加
或,B2C4,可
货,B2C5,嘉
获,B2C6,夏
祸,B2C7,嫁
惑,B2C8,家
霍,B2C9,寡
击,B2CA,科
饥,B2CB,暇
圾,B2CC,果
机,B2CD,架
肌,B2CE,歌
鸡,B2CF,河
积,B2D0,火
基,B2D1,珂
迹,B2D2,禍
绩,B2D3,禾
激,B2D4,稼
及,B2D5,箇
吉,B2D6,花
级,B2D7,苛
即,B2D8,茄
极,B2D9,荷
急,B2DA,華
疾,B2DB,菓
集,B2DC,蝦
辑,B2DD,課
籍,B2DE,嘩
几,B2DF,貨
己,B2E0,迦
挤,B2E1,過
脊,B2E2,霞
计,B2E3,蚊
记,B2E4,俄
纪,B2E5,峨
忌,B2E6,我
技,B2E7,牙
际,B2E8,画
剂,B2E9,臥
季,B2EA,芽
既,B2EB,蛾
济,B2EC,賀
继,B2ED,雅
寂,B2EE,餓
寄,B2EF,駕
加,B2F0,介
夹,B2F1,会
佳,B2F2,解
家,B2F3,回
嘉,B2F4,塊
甲,B2F5,壊
贾,B2F6,廻
钾,B2F7,快
价,B2F8,怪
驾,B2F9,悔
架,B2FA,恢
假,B2FB,懐
嫁,B2FC,戒
稼,B2FD,拐
尖,B2FE,改
坚,B3A1,魁
间,B3A2,晦
肩,B3A3,械
艰,B3A4,海
兼,B3A5,灰
监,B3A6,界
减,B3A7,皆
剪,B3A8,絵
检,B3A9,芥
简,B3AA,蟹
碱,B3AB,開
见,B3AC,階
件,B3AD,貝
建,B3AE,凱
剑,B3AF,劾
健,B3B0,外
舰,B3B1,咳
渐,B3B2,害
践,B3B3,崖
鉴,B3B4,慨
键,B3B5,概
箭,B3B6,涯
江,B3B7,碍
姜,B3B8,蓋
将,B3B9,街
浆,B3BA,該
僵,B3BB,鎧
疆,B3BC,骸
讲,B3BD,浬
奖,B3BE,馨
蒋,B3BF,蛙
匠,B3C0,垣
降,B3C1,柿
交,B3C2,蛎
郊,B3C3,鈎
娇,B3C4,劃
浇,B3C5,嚇
骄,B3C6,各
胶,B3C7,廓
焦,B3C8,拡
礁,B3C9,撹
角,B3CA,格
脚,B3CB,核
搅,B3CC,殻
叫,B3CD,獲
轿,B3CE,確
较,B3CF,穫
教,B3D0,覚
阶,B3D1,角
皆,B3D2,赫
接,B3D3,較
揭,B3D4,郭
街,B3D5,閣
节,B3D6,隔
劫,B3D7,革
杰,B3D8,学
洁,B3D9,岳
结,B3DA,楽
捷,B3DB,額
截,B3DC,顎
竭,B3DD,掛
姐,B3DE,笠
解,B3DF,樫
介,B3E0,橿
戒,B3E1,梶
届,B3E2,鰍
界,B3E3,潟
借,B3E4,割
巾,B3E5,喝
今,B3E6,恰
斤,B3E7,括
金,B3E8,活
津,B3E9,渇
筋,B3EA,滑
仅,B3EB,葛
紧,B3EC,褐
锦,B3ED,轄
尽,B3EE,且
劲,B3EF,鰹
近,B3F0,叶
进,B3F1,椛
晋,B3F2,樺
浸,B3F3,鞄
禁,B3F4,株
京,B3F5,兜
经,B3F6,竃
茎,B3F7,蒲
惊,B3F8,釜
晶,B3F9,鎌
睛,B3FA,噛
精,B3FB,鴨
鲸,B3FC,栢
井,B3FD,茅
颈,B3FE,萱
景,B4A1,粥
警,B4A2,刈
净,B4A3,苅
径,B4A4,瓦
竞,B4A5,乾
竟,B4A6,侃
敬,B4A7,冠
境,B4A8,寒
静,B4A9,刊
镜,B4AA,勘
纠,B4AB,勧
究,B4AC,巻
九,B4AD,喚
久,B4AE,堪
酒,B4AF,姦
旧,B4B0,完
救,B4B1,官
就,B4B2,寛
舅,B4B3,干
居,B4B4,幹
局,B4B5,患
菊,B4B6,感
橘,B4B7,慣
举,B4B8,憾
矩,B4B9,換
句,B4BA,敢
巨,B4BB,柑
拒,B4BC,桓
具,B4BD,棺
俱,B4BE,款
剧,B4BF,歓
惧,B4C0,汗
据,B4C1,漢
距,B4C2,澗
聚,B4C3,潅
卷,B4C4,環
倦,B4C5,甘
决,B4C6,監
绝,B4C7,看
觉,B4C8,竿
掘,B4C9,管
嚼,B4CA,簡
军,B4CB,緩
君,B4CC,缶
均,B4CD,翰
菌,B4CE,肝
俊,B4CF,艦
峻,B4D0,莞
卡,B4D1,観
开,B4D2,諌
凯,B4D3,貫
慨,B4D4,還
刊,B4D5,鑑
堪,B4D6,間
砍,B4D7,閑
看,B4D8,関
康,B4D9,陥
抗,B4DA,韓
炕,B4DB,館
考,B4DC,舘
烤,B4DD,丸
靠,B4DE,含
科,B4DF,岸
棵,B4E0,巌
颗,B4E1,玩
壳,B4E2,癌
咳,B4E3,眼
可,B4E4,岩
渴,B4E5,翫
克,B4E6,贋
刻,B4E7,雁
客,B4E8,頑
课,B4E9,顔
肯,B4EA,願
坑,B4EB,企
空,B4EC,伎
孔,B4ED,危
恐,B4EE,喜
控,B4EF,器
口,B4F0,基
扣,B4F1,奇
枯,B4F2,嬉
哭,B4F3,寄
苦,B4F4,岐
库,B4F5,希
裤,B4F6,幾
酷,B4F7,忌
夸,B4F8,揮
跨,B4F9,机
块,B4FA,旗
快,B4FB,既
宽,B4FC,期
款,B4FD,棋
狂,B4FE,棄
况,B5A1,機
矿,B5A2,帰
亏,B5A3,毅
葵,B5A4,気
愧,B5A5,汽
溃,B5A6,畿
昆,B5A7,祈
困,B5A8,季
扩,B5A9,稀
括,B5AA,紀
阔,B5AB,徽
垃,B5AC,規
拉,B5AD,記
啦,B5AE,貴
喇,B5AF,起
腊,B5B0,軌
蜡,B5B1,輝
辣,B5B2,飢
来,B5B3,騎
莱,B5B4,鬼
赖,B5B5,亀
兰,B5B6,偽
拦,B5B7,儀
栏,B5B8,妓
蓝,B5B9,宜
篮,B5BA,戯
览,B5BB,技
懒,B5BC,擬
烂,B5BD,欺
滥,B5BE,犠
郎,B5BF,疑
狼,B5C0,祇
廊,B5C1,義
朗,B5C2,蟻
浪,B5C3,誼
捞,B5C4,議
劳,B5C5,掬
牢,B5C6,菊
老,B5C7,鞠
乐,B5C8,吉
勒,B5C9,吃
雷,B5CA,喫
蕾,B5CB,桔
泪,B5CC,橘
类,B5CD,詰
累,B5CE,砧
冷,B5CF,杵
愣,B5D0,黍
厘,B5D1,却
梨,B5D2,客
离,B5D3,脚
莉,B5D4,虐
犁,B5D5,逆
璃,B5D6,丘
黎,B5D7,久
礼,B5D8,仇
李,B5D9,休
里,B5DA,及
哩,B5DB,吸
理,B5DC,宮
鲤,B5DD,弓
力,B5DE,急
历,B5DF,救
厉,B5E0,朽
立,B5E1,求
丽,B5E2,汲
利,B5E3,泣
励,B5E4,灸
例,B5E5,球
隶,B5E6,究
粒,B5E7,窮
俩,B5E8,笈
连,B5E9,級
帘,B5EA,糾
怜,B5EB,給
莲,B5EC,旧
联,B5ED,牛
廉,B5EE,去
脸,B5EF,居
练,B5F0,巨
炼,B5F1,拒
恋,B5F2,拠
链,B5F3,挙
良,B5F4,渠
凉,B5F5,虚
梁,B5F6,許
粮,B5F7,距
两,B5F8,鋸
亮,B5F9,漁
辆,B5FA,禦
量,B5FB,魚
辽,B5FC,亨
疗,B5FD,享
聊,B5FE,京
僚,B6A1,供
了,B6A2,侠
料,B6A3,僑
列,B6A4,兇
劣,B6A5,競
烈,B6A6,共
猎,B6A7,凶
裂,B6A8,協
邻,B6A9,匡
林,B6AA,卿
临,B6AB,叫
淋,B6AC,喬
磷,B6AD,境
灵,B6AE,峡
玲,B6AF,強
凌,B6B0,彊
铃,B6B1,怯
陵,B6B2,恐
羚,B6B3,恭
零,B6B4,挟
龄,B6B5,教
领,B6B6,橋
岭,B6B7,況
令,B6B8,狂
另,B6B9,狭
溜,B6BA,矯
刘,B6BB,胸
流,B6BC,脅
留,B6BD,興
硫,B6BE,蕎
瘤,B6BF,郷
柳,B6C0,鏡
六,B6C1,響
龙,B6C2,饗
笼,B6C3,驚
隆,B6C4,仰
垄,B6C5,凝
拢,B6C6,尭
楼,B6C7,暁
漏,B6C8,業
露,B6C9,局
卢,B6CA,曲
芦,B6CB,極
炉,B6CC,玉
鲁,B6CD,桐
陆,B6CE,粁
录,B6CF,僅
鹿,B6D0,勤
碌,B6D1,均
路,B6D2,巾
驴,B6D3,錦
旅,B6D4,斤
铝,B6D5,欣
履,B6D6,欽
律,B6D7,琴
虑,B6D8,禁
率,B6D9,禽
绿,B6DA,筋
氯,B6DB,緊
滤,B6DC,芹
卵,B6DD,菌
乱,B6DE,衿
掠,B6DF,襟
略,B6E0,謹
伦,B6E1,近
轮,B6E2,金
论,B6E3,吟
罗,B6E4,銀
萝,B6E5,九
逻,B6E6,倶
螺,B6E7,句
裸,B6E8,区
洛,B6E9,狗
络,B6EA,玖
骆,B6EB,矩
落,B6EC,苦
妈,B6ED,躯
麻,B6EE,駆
马,B6EF,駈
玛,B6F0,駒
码,B6F1,具
蚂,B6F2,愚
骂,B6F3,虞
吗,B6F4,喰
嘛,B6F5,空
埋,B6F6,偶
买,B6F7,寓
迈,B6F8,遇
麦,B6F9,隅
卖,B6FA,串
脉,B6FB,櫛
蛮,B6FC,釧
满,B6FD,屑
曼,B6FE,屈
慢,B7A1,掘
漫,B7A2,窟
忙,B7A3,沓
芒,B7A4,靴
盲,B7A5,轡
茫,B7A6,窪
猫,B7A7,熊
毛,B7A8,隈
矛,B7A9,粂
茅,B7AA,栗
茂,B7AB,繰
冒,B7AC,桑
贸,B7AD,鍬
帽,B7AE,勲
貌,B7AF,君
么,B7B0,薫
没,B7B1,訓
枚,B7B2,群
玫,B7B3,軍
眉,B7B4,郡
梅,B7B5,卦
媒,B7B6,袈
煤,B7B7,祁
霉,B7B8,係
每,B7B9,傾
美,B7BA,刑
妹,B7BB,兄
门,B7BC,啓
闷,B7BD,圭
们,B7BE,珪
萌,B7BF,型
盟,B7C0,契
猛,B7C1,形
蒙,B7C2,径
孟,B7C3,恵
梦,B7C4,慶
弥,B7C5,慧
迷,B7C6,憩
谜,B7C7,掲
米,B7C8,携
泌,B7C9,敬
秘,B7CA,景
密,B7CB,桂
蜜,B7CC,渓
眠,B7CD,畦
绵,B7CE,稽
棉,B7CF,系
免,B7D0,経
勉,B7D1,継
面,B7D2,繋
苗,B7D3,罫
描,B7D4,茎
秒,B7D5,荊
妙,B7D6,蛍
庙,B7D7,計
灭,B7D8,詣
民,B7D9,警
敏,B7DA,軽
名,B7DB,頚
明,B7DC,鶏
鸣,B7DD,芸
命,B7DE,迎
摸,B7DF,鯨
模,B7E0,劇
膜,B7E1,戟
摩,B7E2,撃
磨,B7E3,激
蘑,B7E4,隙
魔,B7E5,桁
抹,B7E6,傑
末,B7E7,欠
沫,B7E8,決
陌,B7E9,潔
莫,B7EA,穴
漠,B7EB,結
墨,B7EC,血
默,B7ED,訣
谋,B7EE,月
某,B7EF,件
母,B7F0,倹
亩,B7F1,倦
牡,B7F2,健
姆,B7F3,兼
拇,B7F4,券
木,B7F5,剣
目,B7F6,喧
牧,B7F7,圏
墓,B7F8,堅
幕,B7F9,嫌
慕,B7FA,建
穆,B7FB,憲
拿,B7FC,懸
哪,B7FD,拳
内,B7FE,捲
那,B8A1,検
纳,B8A2,権
娜,B8A3,牽
钠,B8A4,犬
乃,B8A5,献
奶,B8A6,研
奈,B8A7,硯
耐,B8A8,絹
男,B8A9,県
南,B8AA,肩
难,B8AB,見
囊,B8AC,謙
恼,B8AD,賢
脑,B8AE,軒
闹,B8AF,遣
呢,B8B0,鍵
嫩,B8B1,険
能,B8B2,顕
尼,B8B3,験
泥,B8B4,鹸
你,B8B5,元
拟,B8B6,原
逆,B8B7,厳
年,B8B8,幻
念,B8B9,弦
娘,B8BA,減
酿,B8BB,源
鸟,B8BC,玄
尿,B8BD,現
捏,B8BE,絃
您,B8BF,舷
宁,B8C0,言
凝,B8C1,諺
牛,B8C2,限
扭,B8C3,乎
纽,B8C4,個
农,B8C5,古
浓,B8C6,呼
弄,B8C7,固
奴,B8C8,姑
努,B8C9,孤
怒,B8CA,己
女,B8CB,庫
暖,B8CC,弧
挪,B8CD,戸
诺,B8CE,故
哦,B8CF,枯
欧,B8D0,湖
偶,B8D1,狐
爬,B8D2,糊
帕,B8D3,袴
怕,B8D4,股
拍,B8D5,胡
排,B8D6,菰
牌,B8D7,虎
派,B8D8,誇
攀,B8D9,跨
盘,B8DA,鈷
判,B8DB,雇
叛,B8DC,顧
盼,B8DD,鼓
庞,B8DE,五
旁,B8DF,互
胖,B8E0,伍
抛,B8E1,午
炮,B8E2,呉
跑,B8E3,吾
泡,B8E4,娯
胚,B8E5,後
陪,B8E6,御
培,B8E7,悟
赔,B8E8,梧
佩,B8E9,檎
配,B8EA,瑚
喷,B8EB,碁
盆,B8EC,語
朋,B8ED,誤
棚,B8EE,護
蓬,B8EF,醐
鹏,B8F0,乞
膨,B8F1,鯉
捧,B8F2,交
碰,B8F3,佼
批,B8F4,侯
披,B8F5,候
皮,B8F6,倖
疲,B8F7,光
脾,B8F8,公
匹,B8F9,功
屁,B8FA,効
譬,B8FB,勾
片,B8FC,厚
偏,B8FD,口
篇,B8FE,向
骗,B9A1,后
漂,B9A2,喉
飘,B9A3,坑
瓢,B9A4,垢
票,B9A5,好
拼,B9A6,孔
贫,B9A7,孝
频,B9A8,宏
品,B9A9,工
平,B9AA,巧
评,B9AB,巷
凭,B9AC,幸
苹,B9AD,広
屏,B9AE,庚
瓶,B9AF,康
萍,B9B0,弘
坡,B9B1,恒
泼,B9B2,慌
颇,B9B3,抗
婆,B9B4,拘
迫,B9B5,控
破,B9B6,攻
剖,B9B7,昂
扑,B9B8,晃
铺,B9B9,更
葡,B9BA,杭
蒲,B9BB,校
朴,B9BC,梗
浦,B9BD,構
普,B9BE,江
谱,B9BF,洪
七,B9C0,浩
妻,B9C1,港
栖,B9C2,溝
戚,B9C3,甲
期,B9C4,皇
欺,B9C5,硬
漆,B9C6,稿
齐,B9C7,糠
其,B9C8,紅
奇,B9C9,紘
歧,B9CA,絞
骑,B9CB,綱
棋,B9CC,耕
旗,B9CD,考
企,B9CE,肯
岂,B9CF,肱
启,B9D0,腔
起,B9D1,膏
气,B9D2,航
弃,B9D3,荒
汽,B9D4,行
契,B9D5,衡
砌,B9D6,講
器,B9D7,貢
恰,B9D8,購
千,B9D9,郊
迁,B9DA,酵
牵,B9DB,鉱
铅,B9DC,砿
谦,B9DD,鋼
签,B9DE,閤
前,B9DF,降
钱,B9E0,項
潜,B9E1,香
浅,B9E2,高
遣,B9E3,鴻
欠,B9E4,剛
枪,B9E5,劫
腔,B9E6,号
强,B9E7,合
墙,B9E8,壕
抢,B9E9,拷
悄,B9EA,濠
敲,B9EB,豪
乔,B9EC,轟
桥,B9ED,麹
瞧,B9EE,克
巧,B9EF,刻
切,B9F0,告
茄,B9F1,国
且,B9F2,穀
窃,B9F3,酷
亲,B9F4,鵠
侵,B9F5,黒
秦,B9F6,獄
琴,B9F7,漉
禽,B9F8,腰
勤,B9F9,甑
青,B9FA,忽
氢,B9FB,惚
轻,B9FC,骨
倾,B9FD,狛
清,B9FE,込
情,BAA1,此
晴,BAA2,頃
顷,BAA3,今
请,BAA4,困
庆,BAA5,坤
穷,BAA6,墾
丘,BAA7,婚
秋,BAA8,恨
斡,BAA9,懇
求,BAAA,昏
球,BAAB,昆
区,BAAC,根
曲,BAAD,梱
驱,BAAE,混
屈,BAAF,痕
躯,BAB0,紺
趋,BAB1,艮
取,BAB2,魂
娶,BAB3,些
去,BAB4,佐
趣,BAB5,叉
圈,BAB6,唆
全,BAB7,嵯
权,BAB8,左
泉,BAB9,差
拳,BABA,査
犬,BABB,沙
劝,BABC,瑳
券,BABD,砂
缺,BABE,詐
却,BABF,鎖
雀,BAC0,裟
确,BAC1,坐
鹊,BAC2,座
裙,BAC3,挫
群,BAC4,債
然,BAC5,催
燃,BAC6,再
染,BAC7,最
嚷,BAC8,哉
壤,BAC9,塞
让,BACA,妻
饶,BACB,宰
扰,BACC,彩
绕,BACD,才
惹,BACE,採
热,BACF,栽
人,BAD0,歳
仁,BAD1,済
忍,BAD2,災
认,BAD3,采
任,BAD4,犀
扔,BAD5,砕
仍,BAD6,砦
日,BAD7,祭
绒,BAD8,斎
荣,BAD9,細
容,BADA,菜
溶,BADB,裁
熔,BADC,載
融,BADD,際
柔,BADE,剤
肉,BADF,在
如,BAE0,材
儒,BAE1,罪
乳,BAE2,財
辱,BAE3,冴
入,BAE4,坂
软,BAE5,阪
锐,BAE6,堺
瑞,BAE7,榊
润,BAE8,肴
若,BAE9,咲
弱,BAEA,崎
撒,BAEB,埼
洒,BAEC,碕
萨,BAED,鷺
塞,BAEE,作
赛,BAEF,削
三,BAF0,咋
伞,BAF1,搾
散,BAF2,昨
桑,BAF3,朔
嗓,BAF4,柵
丧,BAF5,窄
扫,BAF6,策
霆,BAF7,索
色,BAF8,錯
森,BAF9,桜
僧,BAFA,鮭
杀,BAFB,笹
沙,BAFC,匙
纱,BAFD,冊
刹,BAFE,刷
砂,BBA1,察
傻,BBA2,拶
啥,BBA3,撮
晒,BBA4,擦
山,BBA5,札
杉,BBA6,殺
衫,BBA7,薩
珊,BBA8,雑
闪,BBA9,皐
陕,BBAA,鯖
扇,BBAB,捌
善,BBAC,錆
伤,BBAD,鮫
商,BBAE,皿
赏,BBAF,晒
上,BBB0,三
尚,BBB1,傘
梢,BBB2,参
烧,BBB3,山
稍,BBB4,惨
少,BBB5,撒
绍,BBB6,散
哨,BBB7,桟
舌,BBB8,燦
蛇,BBB9,珊
舍,BBBA,産
设,BBBB,算
社,BBBC,纂
射,BBBD,蚕
涉,BBBE,讃
摄,BBBF,賛
申,BBC0,酸
伸,BBC1,餐
身,BBC2,斬
深,BBC3,暫
神,BBC4,残
审,BBC5,仕
婶,BBC6,仔
肾,BBC7,伺
甚,BBC8,使
渗,BBC9,刺
慎,BBCA,司
升,BBCB,史
生,BBCC,嗣
声,BBCD,四
牲,BBCE,士
胜,BBCF,始
绳,BBD0,姉
省,BBD1,姿
圣,BBD2,子
盛,BBD3,屍
剩,BBD4,市
尸,BBD5,師
失,BBD6,志
师,BBD7,思
诗,BBD8,指
施,BBD9,支
狮,BBDA,孜
湿,BBDB,斯
十,BBDC,施
什,BBDD,旨
石,BBDE,枝
时,BBDF,止
识,BBE0,死
实,BBE1,氏
拾,BBE2,獅
蚀,BBE3,祉
食,BBE4,私
史,BBE5,糸
使,BBE6,紙
始,BBE7,紫
驶,BBE8,肢
士,BBE9,脂
氏,BBEA,至
世,BBEB,視
市,BBEC,詞
示,BBED,詩
式,BBEE,試
事,BBEF,誌
侍,BBF0,諮
势,BBF1,資
视,BBF2,賜
试,BBF3,雌
饰,BBF4,飼
室,BBF5,歯
是,BBF6,事
适,BBF7,似
逝,BBF8,侍
释,BBF9,児
收,BBFA,字
手,BBFB,寺
守,BBFC,慈
首,BBFD,持
寿,BBFE,時
受,BCA1,次
兽,BCA2,滋
售,BCA3,治
授,BCA4,爾
瘦,BCA5,璽
书,BCA6,痔
抒,BCA7,磁
叔,BCA8,示
枢,BCA9,而
殊,BCAA,耳
疏,BCAB,自
舒,BCAC,蒔
输,BCAD,辞
蔬,BCAE,汐
熟,BCAF,鹿
暑,BCB0,式
署,BCB1,識
属,BCB2,鴫
鼠,BCB3,竺
薯,BCB4,軸
术,BCB5,宍
束,BCB6,雫
述,BCB7,七
树,BCB8,叱
竖,BCB9,執
数,BCBA,失
刷,BCBB,嫉
耍,BCBC,室
衰,BCBD,悉
摔,BCBE,湿
甩,BCBF,漆
帅,BCC0,疾
双,BCC1,質
霜,BCC2,実
爽,BCC3,蔀
谁,BCC4,篠
水,BCC5,偲
税,BCC6,柴
睡,BCC7,芝
顺,BCC8,屡
瞬,BCC9,蕊
说,BCCA,縞
丝,BCCB,舎
司,BCCC,写
私,BCCD,射
思,BCCE,捨
斯,BCCF,赦
撕,BCD0,斜
死,BCD1,煮
四,BCD2,社
寺,BCD3,紗
似,BCD4,者
饲,BCD5,謝
松,BCD6,車
耸,BCD7,遮
宋,BCD8,蛇
送,BCD9,邪
颂,BCDA,借
搜,BCDB,勺
艘,BCDC,尺
苏,BCDD,杓
俗,BCDE,灼
诉,BCDF,爵
肃,BCE0,酌
素,BCE1,釈
速,BCE2,錫
宿,BCE3,若
塑,BCE4,寂
酸,BCE5,弱
蒜,BCE6,惹
算,BCE7,主
虽,BCE8,取
随,BCE9,守
髓,BCEA,手
岁,BCEB,朱
遂,BCEC,殊
碎,BCED,狩
穗,BCEE,珠
孙,BCEF,種
损,BCF0,腫
笋,BCF1,趣
缩,BCF2,酒
所,BCF3,首
索,BCF4,儒
锁,BCF5,受
他,BCF6,呪
它,BCF7,寿
她,BCF8,授
塌,BCF9,樹
塔,BCFA,綬
踏,BCFB,需
胎,BCFC,囚
台,BCFD,収
抬,BCFE,周
太,BDA1,宗
态,BDA2,就
泰,BDA3,州
贪,BDA4,修
摊,BDA5,愁
滩,BDA6,拾
坛,BDA7,洲
谈,BDA8,秀
潭,BDA9,秋
坦,BDAA,終
叹,BDAB,繍
炭,BDAC,習
探,BDAD,臭
碳,BDAE,舟
汤,BDAF,蒐
唐,BDB0,衆
堂,BDB1,襲
塘,BDB2,讐
糖,BDB3,蹴
躺,BDB4,輯
趟,BDB5,週
涛,BDB6,酋
掏,BDB7,酬
逃,BDB8,集
桃,BDB9,醜
陶,BDBA,什
淘,BDBB,住
萄,BDBC,充
讨,BDBD,十
套,BDBE,従
特,BDBF,戎
疼,BDC0,柔
腾,BDC1,汁
藤,BDC2,渋
梯,BDC3,獣
踢,BDC4,縦
啼,BDC5,重
提,BDC6,銃
题,BDC7,叔
蹄,BDC8,夙
体,BDC9,宿
替,BDCA,淑
天,BDCB,祝
添,BDCC,縮
田,BDCD,粛
甜,BDCE,塾
填,BDCF,熟
挑,BDD0,出
条,BDD1,術
跳,BDD2,述
贴,BDD3,俊
铁,BDD4,峻
厅,BDD5,春
听,BDD6,瞬
廷,BDD7,竣
亭,BDD8,舜
庭,BDD9,駿
停,BDDA,准
蜓,BDDB,循
挺,BDDC,旬
艇,BDDD,楯
通,BDDE,殉
同,BDDF,淳
桐,BDE0,準
铜,BDE1,潤
童,BDE2,盾
统,BDE3,純
桶,BDE4,巡
筒,BDE5,遵
痛,BDE6,醇
偷,BDE7,順
头,BDE8,処
投,BDE9,初
透,BDEA,所
突,BDEB,暑
图,BDEC,曙
徒,BDED,渚
涂,BDEE,庶
途,BDEF,緒
屠,BDF0,署
土,BDF1,書
吐,BDF2,薯
兔,BDF3,藷
团,BDF4,諸
推,BDF5,助
腿,BDF6,叙
退,BDF7,女
吞,BDF8,序
托,BDF9,徐
拖,BDFA,恕
脱,BDFB,鋤
驼,BDFC,除
妥,BDFD,傷
拓,BDFE,償
唾,BEA1,勝
挖,BEA2,匠
哇,BEA3,升
蛙,BEA4,召
娃,BEA5,哨
瓦,BEA6,商
歪,BEA7,唱
外,BEA8,嘗
弯,BEA9,奨
湾,BEAA,妾
丸,BEAB,娼
完,BEAC,宵
玩,BEAD,将
顽,BEAE,小
挽,BEAF,少
晚,BEB0,尚
碗,BEB1,庄
万,BEB2,床
汪,BEB3,廠
亡,BEB4,彰
王,BEB5,承
网,BEB6,抄
往,BEB7,招
忘,BEB8,掌
旺,BEB9,捷
望,BEBA,昇
危,BEBB,昌
威,BEBC,昭
微,BEBD,晶
为,BEBE,松
围,BEBF,梢
违,BEC0,樟
唯,BEC1,樵
惟,BEC2,沼
维,BEC3,消
伟,BEC4,渉
伪,BEC5,湘
尾,BEC6,焼
纬,BEC7,焦
委,BEC8,照
萎,BEC9,症
卫,BECA,省
未,BECB,硝
位,BECC,礁
味,BECD,祥
胃,BECE,称
谓,BECF,章
喂,BED0,笑
慰,BED1,粧
温,BED2,紹
文,BED3,肖
纹,BED4,菖
闻,BED5,蒋
蚊,BED6,蕉
吻,BED7,衝
稳,BED8,裳
问,BED9,訟
翁,BEDA,証
窝,BEDB,詔
我,BEDC,詳
沃,BEDD,象
卧,BEDE,賞
握,BEDF,醤
乌,BEE0,鉦
污,BEE1,鍾
屋,BEE2,鐘
无,BEE3,障
吴,BEE4,鞘
吾,BEE5,上
五,BEE6,丈
午,BEE7,丞
伍,BEE8,乗
武,BEE9,冗
舞,BEEA,剰
务,BEEB,城
物,BEEC,場
误,BEED,壌
悟,BEEE,嬢
雾,BEEF,常
夕,BEF0,情
西,BEF1,擾
吸,BEF2,条
希,BEF3,杖
析,BEF4,浄
息,BEF5,状
牺,BEF6,畳
悉,BEF7,穣
惜,BEF8,蒸
晰,BEF9,譲
稀,BEFA,醸
溪,BEFB,錠
锡,BEFC,嘱
熙,BEFD,埴
嘻,BEFE,飾
膝,BFA1,拭
习,BFA2,植
席,BFA3,殖
袭,BFA4,燭
媳,BFA5,織
洗,BFA6,職
喜,BFA7,色
戏,BFA8,触
系,BFA9,食
细,BFAA,蝕
隙,BFAB,辱
虾,BFAC,尻
瞎,BFAD,伸
峡,BFAE,信
狭,BFAF,侵
辖,BFB0,唇
霞,BFB1,娠
下,BFB2,寝
吓,BFB3,審
夏,BFB4,心
厦,BFB5,慎
仙,BFB6,振
先,BFB7,新
纤,BFB8,晋
掀,BFB9,森
鲜,BFBA,榛
闲,BFBB,浸
贤,BFBC,深
咸,BFBD,申
衔,BFBE,疹
嫌,BFBF,真
显,BFC0,神
险,BFC1,秦
县,BFC2,紳
现,BFC3,臣
线,BFC4,芯
限,BFC5,薪
宪,BFC6,親
陷,BFC7,診
献,BFC8,身
腺,BFC9,辛
乡,BFCA,進
相,BFCB,針
香,BFCC,震
厢,BFCD,人
湘,BFCE,仁
箱,BFCF,刃
详,BFD0,塵
祥,BFD1,壬
翔,BFD2,尋
享,BFD3,甚
响,BFD4,尽
想,BFD5,腎
向,BFD6,訊
巷,BFD7,迅
项,BFD8,陣
象,BFD9,靭
像,BFDA,笥
橡,BFDB,諏
削,BFDC,須
消,BFDD,酢
萧,BFDE,図
硝,BFDF,厨
销,BFE0,逗
小,BFE1,吹
晓,BFE2,垂
孝,BFE3,帥
效,BFE4,推
校,BFE5,水
笑,BFE6,炊
些,BFE7,睡
歇,BFE8,粋
协,BFE9,翠
胁,BFEA,衰
斜,BFEB,遂
谐,BFEC,酔
携,BFED,錐
鞋,BFEE,錘
写,BFEF,随
泄,BFF0,瑞
泻,BFF1,髄
卸,BFF2,崇
屑,BFF3,嵩
械,BFF4,数
谢,BFF5,枢
蟹,BFF6,趨
心,BFF7,雛
辛,BFF8,据
欣,BFF9,杉
新,BFFA,椙
信,BFFB,菅
兴,BFFC,頗
星,BFFD,雀
猩,BFFE,裾
刑,C0A1,澄
行,C0A2,摺
形,C0A3,寸
型,C0A4,世
醒,C0A5,瀬
姓,C0A6,畝
幸,C0A7,是
性,C0A8,凄
凶,C0A9,制
兄,C0AA,勢
匈,C0AB,姓
胸,C0AC,征
雄,C0AD,性
熊,C0AE,成
休,C0AF,政
修,C0B0,整
羞,C0B1,星
朽,C0B2,晴
秀,C0B3,棲
绣,C0B4,栖
袖,C0B5,正
嗅,C0B6,清
须,C0B7,牲
虚,C0B8,生
需,C0B9,盛
徐,C0BA,精
许,C0BB,聖
序,C0BC,声
叙,C0BD,製
畜,C0BE,西
绪,C0BF,誠
续,C0C0,誓
蓄,C0C1,請
宣,C0C2,逝
玄,C0C3,醒
悬,C0C4,青
旋,C0C5,静
选,C0C6,斉
穴,C0C7,税
学,C0C8,脆
雪,C0C9,隻
血,C0CA,席
寻,C0CB,惜
巡,C0CC,戚
询,C0CD,斥
循,C0CE,昔
训,C0CF,析
讯,C0D0,石
迅,C0D1,積
压,C0D2,籍
呀,C0D3,績
鸦,C0D4,脊
鸭,C0D5,責
牙,C0D6,赤
芽,C0D7,跡
崖,C0D8,蹟
哑,C0D9,碩
雅,C0DA,切
亚,C0DB,拙
咽,C0DC,接
烟,C0DD,摂
淹,C0DE,折
延,C0DF,設
严,C0E0,窃
言,C0E1,節
岩,C0E2,説
沿,C0E3,雪
炎,C0E4,絶
研,C0E5,舌
盐,C0E6,蝉
颜,C0E7,仙
衍,C0E8,先
掩,C0E9,千
眼,C0EA,占
演,C0EB,宣
厌,C0EC,専
宴,C0ED,尖
艳,C0EE,川
验,C0EF,戦
焰,C0F0,扇
雁,C0F1,撰
央,C0F2,栓
扬,C0F3,栴
羊,C0F4,泉
阳,C0F5,浅
杨,C0F6,洗
洋,C0F7,染
仰,C0F8,潜
养,C0F9,煎
氧,C0FA,煽
痒,C0FB,旋
样,C0FC,穿
腰,C0FD,箭
邀,C0FE,線
摇,C1A1,繊
遥,C1A2,羨
咬,C1A3,腺
药,C1A4,舛
要,C1A5,船
耀,C1A6,薦
爷,C1A7,詮
也,C1A8,賎
冶,C1A9,践
野,C1AA,選
业,C1AB,遷
叶,C1AC,銭
页,C1AD,銑
夜,C1AE,閃
液,C1AF,鮮
一,C1B0,前
伊,C1B1,善
衣,C1B2,漸
医,C1B3,然
依,C1B4,全
仪,C1B5,禅
夷,C1B6,繕
宜,C1B7,膳
姨,C1B8,糎
移,C1B9,噌
遗,C1BA,塑
疑,C1BB,岨
乙,C1BC,措
已,C1BD,曾
以,C1BE,曽
矣,C1BF,楚
蚁,C1C0,狙
椅,C1C1,疏
义,C1C2,疎
亿,C1C3,礎
忆,C1C4,祖
艺,C1C5,租
议,C1C6,粗
亦,C1C7,素
异,C1C8,組
役,C1C9,蘇
抑,C1CA,訴
译,C1CB,阻
易,C1CC,遡
疫,C1CD,鼠
益,C1CE,僧
谊,C1CF,創
逸,C1D0,双
意,C1D1,叢
溢,C1D2,倉
毅,C1D3,喪
翼,C1D4,壮
因,C1D5,奏
阴,C1D6,爽
音,C1D7,宋
吟,C1D8,層
银,C1D9,匝
引,C1DA,惣
饮,C1DB,想
蚓,C1DC,捜
隐,C1DD,掃
印,C1DE,挿
应,C1DF,掻
英,C1E0,操
婴,C1E1,早
鹰,C1E2,曹
迎,C1E3,巣
盈,C1E4,槍
营,C1E5,槽
蝇,C1E6,漕
赢,C1E7,燥
影,C1E8,争
映,C1E9,痩
硬,C1EA,相
哟,C1EB,窓
拥,C1EC,糟
永,C1ED,総
泳,C1EE,綜
勇,C1EF,聡
涌,C1F0,草
用,C1F1,荘
优,C1F2,葬
忧,C1F3,蒼
幽,C1F4,藻
悠,C1F5,装
尤,C1F6,走
犹,C1F7,送
由,C1F8,遭
邮,C1F9,鎗
油,C1FA,霜
游,C1FB,騒
友,C1FC,像
有,C1FD,増
又,C1FE,憎
右,C2A1,臓
幼,C2A2,蔵
诱,C2A3,贈
于,C2A4,造
予,C2A5,促
余,C2A6,側
鱼,C2A7,則
娱,C2A8,即
渔,C2A9,息
愉,C2AA,捉
愚,C2AB,束
与,C2AC,測
宇,C2AD,足
羽,C2AE,速
雨,C2AF,俗
语,C2B0,属
玉,C2B1,賊
吁,C2B2,族
育,C2B3,続
郁,C2B4,卒
狱,C2B5,袖
浴,C2B6,其
预,C2B7,揃
域,C2B8,存
欲,C2B9,孫
喻,C2BA,尊
寓,C2BB,損
御,C2BC,村
裕,C2BD,遜
遇,C2BE,他
愈,C2BF,多
誉,C2C0,太
豫,C2C1,汰
元,C2C2,詑
员,C2C3,唾
园,C2C4,堕
原,C2C5,妥
圆,C2C6,惰
袁,C2C7,打
援,C2C8,柁
缘,C2C9,舵
源,C2CA,楕
远,C2CB,陀
怨,C2CC,駄
院,C2CD,騨
愿,C2CE,体
曰,C2CF,堆
约,C2D0,対
月,C2D1,耐
岳,C2D2,岱
钥,C2D3,帯
悦,C2D4,待
阅,C2D5,怠
跃,C2D6,態
越,C2D7,戴
云,C2D8,替
匀,C2D9,泰
允,C2DA,滞
孕,C2DB,胎
运,C2DC,腿
晕,C2DD,苔
韵,C2DE,袋
蕴,C2DF,貸
杂,C2E0,退
砸,C2E1,逮
灾,C2E2,隊
栽,C2E3,黛
宰,C2E4,鯛
载,C2E5,代
再,C2E6,台
在,C2E7,大
咱,C2E8,第
暂,C2E9,醍
赞,C2EA,題
脏,C2EB,鷹
葬,C2EC,滝
遭,C2ED,瀧
糟,C2EE,卓
早,C2EF,啄
枣,C2F0,宅
藻,C2F1,托
灶,C2F2,択
皂,C2F3,拓
造,C2F4,沢
噪,C2F5,濯
燥,C2F6,琢
躁,C2F7,託
则,C2F8,鐸
择,C2F9,濁
泽,C2FA,諾
责,C2FB,茸
贼,C2FC,凧
怎,C2FD,蛸
曾,C2FE,只
增,C3A1,叩
赠,C3A2,但
渣,C3A3,達
扎,C3A4,辰
眨,C3A5,奪
炸,C3A6,脱
摘,C3A7,巽
宅,C3A8,竪
窄,C3A9,辿
债,C3AA,棚
沾,C3AB,谷
粘,C3AC,狸
展,C3AD,鱈
占,C3AE,樽
战,C3AF,誰
站,C3B0,丹
张,C3B1,単
章,C3B2,嘆
涨,C3B3,坦
掌,C3B4,担
丈,C3B5,探
仗,C3B6,旦
帐,C3B7,歎
胀,C3B8,淡
账,C3B9,湛
障,C3BA,炭
招,C3BB,短
找,C3BC,端
召,C3BD,箪
兆,C3BE,綻
赵,C3BF,耽
照,C3C0,胆
罩,C3C1,蛋
遮,C3C2,誕
折,C3C3,鍛
哲,C3C4,団
者,C3C5,壇
这,C3C6,弾
浙,C3C7,断
针,C3C8,暖
侦,C3C9,檀
珍,C3CA,段
真,C3CB,男
诊,C3CC,談
枕,C3CD,値
阵,C3CE,知
振,C3CF,地
镇,C3D0,弛
震,C3D1,恥
争,C3D2,智
征,C3D3,池
挣,C3D4,痴
睁,C3D5,稚
蒸,C3D6,置
整,C3D7,致
正,C3D8,蜘
证,C3D9,遅
郑,C3DA,馳
政,C3DB,築
症,C3DC,畜
之,C3DD,竹
支,C3DE,筑
汁,C3DF,蓄
芝,C3E0,逐
枝,C3E1,秩
知,C3E2,窒
织,C3E3,茶
肢,C3E4,嫡
脂,C3E5,着
蜘,C3E6,中
执,C3E7,仲
直,C3E8,宙
值,C3E9,忠
职,C3EA,抽
植,C3EB,昼
殖,C3EC,柱
止,C3ED,注
只,C3EE,虫
旨,C3EF,衷
址,C3F0,註
纸,C3F1,酎
指,C3F2,鋳
趾,C3F3,駐
至,C3F4,樗
志,C3F5,瀦
制,C3F6,猪
治,C3F7,苧
质,C3F8,著
致,C3F9,貯
智,C3FA,丁
置,C3FB,兆
中,C3FC,凋
忠,C3FD,喋
终,C3FE,寵
钟,C4A1,帖
肿,C4A2,帳
种,C4A3,庁
仲,C4A4,弔
众,C4A5,張
重,C4A6,彫
州,C4A7,徴
舟,C4A8,懲
周,C4A9,挑
洲,C4AA,暢
轴,C4AB,朝
宙,C4AC,潮
皱,C4AD,牒
骤,C4AE,町
朱,C4AF,眺
株,C4B0,聴
珠,C4B1,脹
诸,C4B2,腸
猪,C4B3,蝶
蛛,C4B4,調
竹,C4B5,諜
烛,C4B6,超
逐,C4B7,跳
主,C4B8,銚
煮,C4B9,長
嘱,C4BA,頂
住,C4BB,鳥
助,C4BC,勅
注,C4BD,捗
贮,C4BE,直
驻,C4BF,朕
柱,C4C0,沈
祝,C4C1,珍
著,C4C2,賃
筑,C4C3,鎮
抓,C4C4,陳
爪,C4C5,津
专,C4C6,墜
砖,C4C7,椎
转,C4C8,槌
赚,C4C9,追
庄,C4CA,鎚
桩,C4CB,痛
装,C4CC,通
壮,C4CD,塚
状,C4CE,栂
撞,C4CF,掴
追,C4D0,槻
准,C4D1,佃
捉,C4D2,漬
桌,C4D3,柘
着,C4D4,辻
仔,C4D5,蔦
兹,C4D6,綴
姿,C4D7,鍔
资,C4D8,椿
滋,C4D9,潰
籽,C4DA,坪
子,C4DB,壷
紫,C4DC,嬬
字,C4DD,紬
自,C4DE,爪
宗,C4DF,吊
综,C4E0,釣
棕,C4E1,鶴
踪,C4E2,亭
总,C4E3,低
纵,C4E4,停
走,C4E5,偵
奏,C4E6,剃
租,C4E7,貞
足,C4E8,呈
族,C4E9,堤
阻,C4EA,定
组,C4EB,帝
祖,C4EC,底
钻,C4ED,庭
嘴,C4EE,廷
最,C4EF,弟
罪,C4F0,悌
醉,C4F1,抵
尊,C4F2,挺
遵,C4F3,提
昨,C4F4,梯
左,C4F5,汀
作,C4F6,碇
坐,C4F7,禎
座,C4F8,程
做,C4F9,締
蔼,C4FA,艇
隘,C4FB,訂
庵,C4FC,諦
鞍,C4FD,蹄
黯,C4FE,逓
肮,C5A1,邸
拗,C5A2,鄭
袄,C5A3,釘
懊,C5A4,鼎
扒,C5A5,泥
芭,C5A6,摘
疤,C5A7,擢
捌,C5A8,敵
跋,C5A9,滴
靶,C5AA,的
掰,C5AB,笛
扳,C5AC,適
拌,C5AD,鏑
绊,C5AE,溺
梆,C5AF,哲
绑,C5B0,徹
榜,C5B1,撤
蚌,C5B2,轍
谤,C5B3,迭
磅,C5B4,鉄
镑,C5B5,典
苞,C5B6,填
褒,C5B7,天
雹,C5B8,展
鲍,C5B9,店
狈,C5BA,添
悖,C5BB,纏
惫,C5BC,甜
笨,C5BD,貼
绷,C5BE,転
泵,C5BF,顛
蹦,C5C0,点
匕,C5C1,伝
鄙,C5C2,殿
庇,C5C3,澱
毙,C5C4,田
痹,C5C5,電
弊,C5C6,兎
璧,C5C7,吐
贬,C5C8,堵
匾,C5C9,塗
辫,C5CA,妬
彪,C5CB,屠
憋,C5CC,徒
鳖,C5CD,斗
瘪,C5CE,杜
彬,C5CF,渡
斌,C5D0,登
缤,C5D1,菟
濒,C5D2,賭
鬓,C5D3,途
秉,C5D4,都
禀,C5D5,鍍
菠,C5D6,砥
舶,C5D7,砺
渤,C5D8,努
跛,C5D9,度
簸,C5DA,土
哺,C5DB,奴
怖,C5DC,怒
埠,C5DD,倒
簿,C5DE,党
睬,C5DF,冬
惭,C5E0,凍
沧,C5E1,刀
糙,C5E2,唐
厕,C5E3,塔
蹭,C5E4,塘
茬,C5E5,套
岔,C5E6,宕
豺,C5E7,島
掺,C5E8,嶋
搀,C5E9,悼
禅,C5EA,投
馋,C5EB,搭
蝉,C5EC,東
铲,C5ED,桃
猖,C5EE,梼
敞,C5EF,棟
钞,C5F0,盗
嘲,C5F1,淘
澈,C5F2,湯
忱,C5F3,涛
辰,C5F4,灯
铛,C5F5,燈
澄,C5F6,当
逞,C5F7,痘
秤,C5F8,祷
痴,C5F9,等
弛,C5FA,答
侈,C5FB,筒
耻,C5FC,糖
宠,C5FD,統
畴,C5FE,到
稠,C6A1,董
锄,C6A2,蕩
雏,C6A3,藤
橱,C6A4,討
矗,C6A5,謄
揣,C6A6,豆
囱,C6A7,踏
疮,C6A8,逃
炊,C6A9,透
捶,C6AA,鐙
椿,C6AB,陶
淳,C6AC,頭
蠢,C6AD,騰
戳,C6AE,闘
绰,C6AF,働
祠,C6B0,動
赐,C6B1,同
醋,C6B2,堂
簇,C6B3,導
窜,C6B4,憧
篡,C6B5,撞
崔,C6B6,洞
摧,C6B7,瞳
悴,C6B8,童
粹,C6B9,胴
搓,C6BA,萄
撮,C6BB,道
挫,C6BC,銅
瘩,C6BD,峠
歹,C6BE,鴇
怠,C6BF,匿
贷,C6C0,得
耽,C6C1,徳
档,C6C2,涜
叨,C6C3,特
捣,C6C4,督
祷,C6C5,禿
悼,C6C6,篤
蹬,C6C7,毒
嘀,C6C8,独
涤,C6C9,読
缔,C6CA,栃
蒂,C6CB,橡
掂,C6CC,凸
滇,C6CD,突
巅,C6CE,椴
碘,C6CF,届
佃,C6D0,鳶
甸,C6D1,苫
玷,C6D2,寅
惦,C6D3,酉
奠,C6D4,瀞
刁,C6D5,噸
叼,C6D6,屯
迭,C6D7,惇
谍,C6D8,敦
逗,C6D9,沌
睹,C6DA,豚
妒,C6DB,遁
镀,C6DC,頓
缎,C6DD,呑
兑,C6DE,曇
墩,C6DF,鈍
盹,C6E0,奈
囤,C6E1,那
钝,C6E2,内
咄,C6E3,乍
哆,C6E4,凪
踱,C6E5,薙
垛,C6E6,謎
堕,C6E7,灘
舵,C6E8,捺
惰,C6E9,鍋
跺,C6EA,楢
讹,C6EB,馴
娥,C6EC,縄
峨,C6ED,畷
蛾,C6EE,南
扼,C6EF,楠
鄂,C6F0,軟
愕,C6F1,難
遏,C6F2,汝
噩,C6F3,二
饵,C6F4,尼
贰,C6F5,弐
筏,C6F6,迩
矾,C6F7,匂
妃,C6F8,賑
匪,C6F9,肉
诽,C6FA,虹
吠,C6FB,廿
吩,C6FC,日
氛,C6FD,乳
焚,C6FE,入
忿,C7A1,如
讽,C7A2,尿
敷,C7A3,韮
芙,C7A4,任
拂,C7A5,妊
俘,C7A6,忍
袱,C7A7,認
甫,C7A8,濡
斧,C7A9,禰
俯,C7AA,祢
脯,C7AB,寧
咐,C7AC,葱
缚,C7AD,猫
尬,C7AE,熱
丐,C7AF,年
柑,C7B0,念
竿,C7B1,捻
尴,C7B2,撚
秆,C7B3,燃
橄,C7B4,粘
赣,C7B5,乃
冈,C7B6,廼
犒,C7B7,之
杠,C7B8,埜
羔,C7B9,嚢
膏,C7BA,悩
糕,C7BB,濃
镐,C7BC,納
疙,C7BD,能
搁,C7BE,脳
蛤,C7BF,膿
庚,C7C0,農
羹,C7C1,覗
埂,C7C2,蚤
耿,C7C3,巴
梗,C7C4,把
蚣,C7C5,播
躬,C7C6,覇
汞,C7C7,杷
苟,C7C8,波
垢,C7C9,派
沽,C7CA,琶
辜,C7CB,破
雇,C7CC,婆
寡,C7CD,罵
卦,C7CE,芭
褂,C7CF,馬
乖,C7D0,俳
棺,C7D1,廃
逛,C7D2,拝
闺,C7D3,排
瑰,C7D4,敗
诡,C7D5,杯
癸,C7D6,盃
跪,C7D7,牌
亥,C7D8,背
骇,C7D9,肺
酣,C7DA,輩
憨,C7DB,配
涵,C7DC,倍
悍,C7DD,培
捍,C7DE,媒
焊,C7DF,梅
憾,C7E0,楳
撼,C7E1,煤
翰,C7E2,狽
夯,C7E3,買
嚎,C7E4,売
皓,C7E5,賠
禾,C7E6,陪
烘,C7E7,這
弘,C7E8,蝿
弧,C7E9,秤
唬,C7EA,矧
沪,C7EB,萩
猾,C7EC,伯
徊,C7ED,剥
槐,C7EE,博
宦,C7EF,拍
涣,C7F0,柏
焕,C7F1,泊
痪,C7F2,白
凰,C7F3,箔
惶,C7F4,粕
蝗,C7F5,舶
簧,C7F6,薄
恍,C7F7,迫
谎,C7F8,曝
幌,C7F9,漠
卉,C7FA,爆
讳,C7FB,縛
诲,C7FC,莫
贿,C7FD,駁
晦,C7FE,麦
秽,C8A1,函
荤,C8A2,箱
豁,C8A3,硲
讥,C8A4,箸
叽,C8A5,肇
唧,C8A6,筈
缉,C8A7,櫨
畸,C8A8,幡
箕,C8A9,肌
稽,C8AA,畑
棘,C8AB,畠
嫉,C8AC,八
妓,C8AD,鉢
祭,C8AE,溌
鲫,C8AF,発
冀,C8B0,醗
颊,C8B1,髪
奸,C8B2,伐
歼,C8B3,罰
煎,C8B4,抜
拣,C8B5,筏
俭,C8B6,閥
柬,C8B7,鳩
茧,C8B8,噺
捡,C8B9,塙
荐,C8BA,蛤
贱,C8BB,隼
涧,C8BC,伴
溅,C8BD,判
槛,C8BE,半
缰,C8BF,反
桨,C8C0,叛
酱,C8C1,帆
椒,C8C2,搬
跤,C8C3,斑
蕉,C8C4,板
侥,C8C5,氾
狡,C8C6,汎
绞,C8C7,版
饺,C8C8,犯
矫,C8C9,班
剿,C8CA,畔
缴,C8CB,繁
窖,C8CC,般
酵,C8CD,藩
秸,C8CE,販
睫,C8CF,範
芥,C8D0,釆
诫,C8D1,煩
藉,C8D2,頒
襟,C8D3,飯
谨,C8D4,挽
疚,C8D5,晩
拘,C8D6,番
桔,C8D7,盤
沮,C8D8,磐
炬,C8D9,蕃
锯,C8DA,蛮
娟,C8DB,匪
捐,C8DC,卑
鹃,C8DD,否
绢,C8DE,妃
眷,C8DF,庇
诀,C8E0,彼
倔,C8E1,悲
崛,C8E2,扉
爵,C8E3,批
钧,C8E4,披
骏,C8E5,斐
竣,C8E6,比
咖,C8E7,泌
揩,C8E8,疲
楷,C8E9,皮
勘,C8EA,碑
坎,C8EB,秘
慷,C8EC,緋
扛,C8ED,罷
坷,C8EE,肥
苛,C8EF,被
磕,C8F0,誹
蝌,C8F1,費
垦,C8F2,避
恳,C8F3,非
啃,C8F4,飛
吭,C8F5,樋
抠,C8F6,簸
叩,C8F7,備
寇,C8F8,尾
窟,C8F9,微
垮,C8FA,枇
挎,C8FB,毘
筷,C8FC,琵
筐,C8FD,眉
旷,C8FE,美
框,C9A1,鼻
眶,C9A2,柊
盔,C9A3,稗
窥,C9A4,匹
魁,C9A5,疋
馈,C9A6,髭
坤,C9A7,彦
捆,C9A8,膝
廓,C9A9,菱
睐,C9AA,肘
婪,C9AB,弼
澜,C9AC,必
揽,C9AD,畢
缆,C9AE,筆
榄,C9AF,逼
琅,C9B0,桧
榔,C9B1,姫
唠,C9B2,媛
姥,C9B3,紐
涝,C9B4,百
烙,C9B5,謬
酪,C9B6,俵
垒,C9B7,彪
磊,C9B8,標
肋,C9B9,氷
擂,C9BA,漂
棱,C9BB,瓢
狸,C9BC,票
栗,C9BD,表
雳,C9BE,評
镰,C9BF,豹
敛,C9C0,廟
粱,C9C1,描
谅,C9C2,病
晾,C9C3,秒
寥,C9C4,苗
嘹,C9C5,錨
撩,C9C6,鋲
缭,C9C7,蒜
瞭,C9C8,蛭
咧,C9C9,鰭
琳,C9CA,品
鳞,C9CB,彬
凛,C9CC,斌
吝,C9CD,浜
赁,C9CE,瀕
躏,C9CF,貧
拎,C9D0,賓
伶,C9D1,頻
聆,C9D2,敏
菱,C9D3,瓶
浏,C9D4,不
琉,C9D5,付
馏,C9D6,埠
榴,C9D7,夫
咙,C9D8,婦
胧,C9D9,富
聋,C9DA,冨
窿,C9DB,布
娄,C9DC,府
搂,C9DD,怖
篓,C9DE,扶
陋,C9DF,敷
庐,C9E0,斧
颅,C9E1,普
卤,C9E2,浮
虏,C9E3,父
赂,C9E4,符
禄,C9E5,腐
侣,C9E6,膚
屡,C9E7,芙
缕,C9E8,譜
仑,C9E9,負
沦,C9EA,賦
啰,C9EB,赴
锣,C9EC,阜
箩,C9ED,附
骡,C9EE,侮
蟆,C9EF,撫
馒,C9F0,武
瞒,C9F1,舞
蔓,C9F2,葡
莽,C9F3,蕪
锚,C9F4,部
卯,C9F5,封
昧,C9F6,楓
媚,C9F7,風
魅,C9F8,葺
氓,C9F9,蕗
朦,C9FA,伏
檬,C9FB,副
锰,C9FC,復
咪,C9FD,幅
靡,C9FE,服
眯,CAA1,福
觅,CAA2,腹
缅,CAA3,複
瞄,CAA4,覆
渺,CAA5,淵
藐,CAA6,弗
蔑,CAA7,払
皿,CAA8,沸
闽,CAA9,仏
悯,CAAA,物
冥,CAAB,鮒
铭,CAAC,分
谬,CAAD,吻
馍,CAAE,噴
摹,CAAF,墳
茉,CAB0,憤
寞,CAB1,扮
沐,CAB2,焚
募,CAB3,奮
睦,CAB4,粉
暮,CAB5,糞
捺,CAB6,紛
挠,CAB7,雰
呐,CAB8,文
妮,CAB9,聞
匿,CABA,丙
溺,CABB,併
腻,CABC,兵
捻,CABD,塀
撵,CABE,幣
碾,CABF,平
聂,CAC0,弊
孽,CAC1,柄
拧,CAC2,並
狞,CAC3,蔽
柠,CAC4,閉
泞,CAC5,陛
钮,CAC6,米
脓,CAC7,頁
疟,CAC8,僻
虐,CAC9,壁
懦,CACA,癖
糯,CACB,碧
殴,CACC,別
呕,CACD,瞥
趴,CACE,蔑
啪,CACF,箆
耙,CAD0,偏
徘,CAD1,変
湃,CAD2,片
潘,CAD3,篇
畔,CAD4,編
乓,CAD5,辺
螃,CAD6,返
刨,CAD7,遍
袍,CAD8,便
沛,CAD9,勉
砰,CADA,娩
烹,CADB,弁
彭,CADC,鞭
澎,CADD,保
篷,CADE,舗
坯,CADF,鋪
劈,CAE0,圃
霹,CAE1,捕
啤,CAE2,歩
僻,CAE3,甫
翩,CAE4,補
撇,CAE5,輔
聘,CAE6,穂
乒,CAE7,募
坪,CAE8,墓
魄,CAE9,慕
仆,CAEA,戊
菩,CAEB,暮
圃,CAEC,母
瀑,CAED,簿
曝,CAEE,菩
柒,CAEF,倣
凄,CAF0,俸
祈,CAF1,包
脐,CAF2,呆
崎,CAF3,報
鳍,CAF4,奉
乞,CAF5,宝
迄,CAF6,峰
泣,CAF7,峯
掐,CAF8,崩
洽,CAF9,庖
钳,CAFA,抱
乾,CAFB,捧
黔,CAFC,放
谴,CAFD,方
嵌,CAFE,朋
歉,CBA1,法
呛,CBA2,泡
跷,CBA3,烹
侨,CBA4,砲
憔,CBA5,縫
俏,CBA6,胞
峭,CBA7,芳
窍,CBA8,萌
翘,CBA9,蓬
撬,CBAA,蜂
怯,CBAB,褒
芹,CBAC,訪
擒,CBAD,豊
寝,CBAE,邦
擎,CBAF,鋒
琼,CBB0,飽
囚,CBB1,鳳
渠,CBB2,鵬
痊,CBB3,乏
刃,CBB4,亡
纫,CBB5,傍
韧,CBB6,剖
戎,CBB7,坊
茸,CBB8,妨
蓉,CBB9,帽
榕,CBBA,忘
冗,CBBB,忙
揉,CBBC,房
蹂,CBBD,暴
蠕,CBBE,望
汝,CBBF,某
褥,CBC0,棒
蕊,CBC1,冒
闰,CBC2,紡
腮,CBC3,肪
叁,CBC4,膨
搔,CBC5,謀
骚,CBC6,貌
臊,CBC7,貿
涩,CBC8,鉾
瑟,CBC9,防
鲨,CBCA,吠
煞,CBCB,頬
霎,CBCC,北
筛,CBCD,僕
删,CBCE,卜
煽,CBCF,墨
擅,CBD0,撲
赡,CBD1,朴
裳,CBD2,牧
晌,CBD3,睦
捎,CBD4,穆
勺,CBD5,釦
奢,CBD6,勃
赦,CBD7,没
呻,CBD8,殆
绅,CBD9,堀
沈,CBDA,幌
笙,CBDB,奔
甥,CBDC,本
矢,CBDD,翻
屎,CBDE,凡
恃,CBDF,盆
拭,CBE0,摩
柿,CBE1,磨
嗜,CBE2,魔
誓,CBE3,麻
梳,CBE4,埋
淑,CBE5,妹
赎,CBE6,昧
曙,CBE7,枚
恕,CBE8,毎
庶,CBE9,哩
漱,CBEA,槙
蟀,CBEB,幕
拴,CBEC,膜
栓,CBED,枕
涮,CBEE,鮪
吮,CBEF,柾
烁,CBF0,鱒
硕,CBF1,桝
嗽,CBF2,亦
嘶,CBF3,俣
巳,CBF4,又
伺,CBF5,抹
祀,CBF6,末
肆,CBF7,沫
讼,CBF8,迄
诵,CBF9,侭
酥,CBFA,繭
粟,CBFB,麿
溯,CBFC,万
隋,CBFD,慢
祟,CBFE,満
隧,CCA1,漫
唆,CCA2,蔓
梭,CCA3,味
嗦,CCA4,未
琐,CCA5,魅
蹋,CCA6,巳
苔,CCA7,箕
汰,CCA8,岬
瘫,CCA9,密
痰,CCAA,蜜
谭,CCAB,湊
檀,CCAC,蓑
毯,CCAD,稔
棠,CCAE,脈
膛,CCAF,妙
倘,CCB0,粍
淌,CCB1,民
烫,CCB2,眠
滔,CCB3,務
誊,CCB4,夢
剔,CCB5,無
屉,CCB6,牟
剃,CCB7,矛
涕,CCB8,霧
惕,CCB9,鵡
恬,CCBA,椋
舔,CCBB,婿
迢,CCBC,娘
帖,CCBD,冥
彤,CCBE,名
瞳,CCBF,命
捅,CCC0,明
凸,CCC1,盟
秃,CCC2,迷
颓,CCC3,銘
蜕,CCC4,鳴
褪,CCC5,姪
屯,CCC6,牝
豚,CCC7,滅
臀,CCC8,免
驮,CCC9,棉
鸵,CCCA,綿
椭,CCCB,緬
洼,CCCC,面
袜,CCCD,麺
豌,CCCE,摸
宛,CCCF,模
婉,CCD0,茂
惋,CCD1,妄
皖,CCD2,孟
腕,CCD3,毛
枉,CCD4,猛
妄,CCD5,盲
偎,CCD6,網
薇,CCD7,耗
巍,CCD8,蒙
帷,CCD9,儲
苇,CCDA,木
畏,CCDB,黙
尉,CCDC,目
猬,CCDD,杢
蔚,CCDE,勿
瘟,CCDF,餅
紊,CCE0,尤
嗡,CCE1,戻
涡,CCE2,籾
蜗,CCE3,貰
呜,CCE4,問
巫,CCE5,悶
诬,CCE6,紋
芜,CCE7,門
梧,CCE8,匁
蜈,CCE9,也
侮,CCEA,冶
捂,CCEB,夜
鹉,CCEC,爺
勿,CCED,耶
戊,CCEE,野
昔,CCEF,弥
犀,CCF0,矢
熄,CCF1,厄
徙,CCF2,役
匣,CCF3,約
侠,CCF4,薬
暇,CCF5,訳
馅,CCF6,躍
羡,CCF7,靖
镶,CCF8,柳
宵,CCF9,薮
潇,CCFA,鑓
箫,CCFB,愉
霄,CCFC,愈
嚣,CCFD,油
淆,CCFE,癒
肖,CDA1,諭
哮,CDA2,輸
啸,CDA3,唯
蝎,CDA4,佑
邪,CDA5,優
挟,CDA6,勇
懈,CDA7,友
芯,CDA8,宥
锌,CDA9,幽
薪,CDAA,悠
馨,CDAB,憂
衅,CDAC,揖
腥,CDAD,有
汹,CDAE,柚
锈,CDAF,湧
戌,CDB0,涌
墟,CDB1,猶
旭,CDB2,猷
恤,CDB3,由
酗,CDB4,祐
婿,CDB5,裕
絮,CDB6,誘
轩,CDB7,遊
喧,CDB8,邑
癣,CDB9,郵
炫,CDBA,雄
绚,CDBB,融
渲,CDBC,夕
靴,CDBD,予
勋,CDBE,余
熏,CDBF,与
旬,CDC0,誉
驯,CDC1,輿
汛,CDC2,預
逊,CDC3,傭
殉,CDC4,幼
丫,CDC5,妖
押,CDC6,容
涯,CDC7,庸
衙,CDC8,揚
讶,CDC9,揺
焉,CDCA,擁
阎,CDCB,曜
蜒,CDCC,楊
檐,CDCD,様
砚,CDCE,洋
唁,CDCF,溶
谚,CDD0,熔
堰,CDD1,用
殃,CDD2,窯
秧,CDD3,羊
鸯,CDD4,耀
漾,CDD5,葉
妖,CDD6,蓉
茵,CDD7,要
荫,CDD8,謡
瘾,CDD9,踊
荧,CDDA,遥
莹,CDDB,陽
萤,CDDC,養
颖,CDDD,慾
佣,CDDE,抑
庸,CDDF,欲
咏,CDE0,沃
佑,CDE1,浴
迂,CDE2,翌
淤,CDE3,翼
渝,CDE4,淀
隅,CDE5,羅
逾,CDE6,螺
榆,CDE7,裸
舆,CDE8,来
屿,CDE9,莱
禹,CDEA,頼
芋,CDEB,雷
冤,CDEC,洛
鸳,CDED,絡
渊,CDEE,落
猿,CDEF,酪
苑,CDF0,乱
粤,CDF1,卵
耘,CDF2,嵐
陨,CDF3,欄
酝,CDF4,濫
哉,CDF5,藍
赃,CDF6,蘭
凿,CDF7,覧
蚤,CDF8,利
澡,CDF9,吏
憎,CDFA,履
咋,CDFB,李
喳,CDFC,梨
轧,CDFD,理
闸,CDFE,璃
乍,CEA1,痢
诈,CEA2,裏
栅,CEA3,裡
榨,CEA4,里
斋,CEA5,離
寨,CEA6,陸
毡,CEA7,律
瞻,CEA8,率
斩,CEA9,立
盏,CEAA,葎
崭,CEAB,掠
辗,CEAC,略
栈,CEAD,劉
绽,CEAE,流
彰,CEAF,溜
樟,CEB0,琉
杖,CEB1,留
昭,CEB2,硫
沼,CEB3,粒
肇,CEB4,隆
辙,CEB5,竜
贞,CEB6,龍
斟,CEB7,侶
疹,CEB8,慮
怔,CEB9,旅
拯,CEBA,虜
吱,CEBB,了
帜,CEBC,亮
挚,CEBD,僚
秩,CEBE,両
掷,CEBF,凌
窒,CEC0,寮
滞,CEC1,料
稚,CEC2,梁
衷,CEC3,涼
粥,CEC4,猟
肘,CEC5,療
帚,CEC6,瞭
咒,CEC7,稜
昼,CEC8,糧
拄,CEC9,良
瞩,CECA,諒
铸,CECB,遼
拽,CECC,量
撰,CECD,陵
妆,CECE,領
椎,CECF,力
锥,CED0,緑
坠,CED1,倫
谆,CED2,厘
卓,CED3,林
拙,CED4,淋
灼,CED5,燐
浊,CED6,琳
咨,CED7,臨
揍,CED8,輪
卒,CED9,隣
佐,CEDA,鱗
「,CEDB,麟
」,CEDC,瑠
骸,CEDD,塁
佯,CEDE,涙
嗯,CEDF,累
诶,CEE0,類
驭,CEE1,令
傀,CEE2,伶
儡,CEE3,例
戮,CEE4,冷
荆,CEE5,励
呃,CEE6,嶺
阱,CEE7,怜
麾,CEE8,玲
咔,CEE9,礼
茑,CEEA,苓
茑,CEEB,鈴
茑,CEEC,隷
茑,CEED,零
茑,CEEE,霊
茑,CEEF,麗
茑,CEF0,齢
茑,CEF1,暦
茑,CEF2,歴
茑,CEF3,列
茑,CEF4,劣
茑,CEF5,烈
茑,CEF6,裂
茑,CEF7,廉
茑,CEF8,恋
茑,CEF9,憐
茑,CEFA,漣
茑,CEFB,煉
茑,CEFC,簾
茑,CEFD,練
茑,CEFE,聯
茑,CFA1,蓮
茑,CFA2,連
茑,CFA3,錬
茑,CFA4,呂
茑,CFA5,魯
茑,CFA6,櫓
茑,CFA7,炉
茑,CFA8,賂
茑,CFA9,路
茑,CFAA,露
茑,CFAB,労
茑,CFAC,婁
茑,CFAD,廊
茑,CFAE,弄
茑,CFAF,朗
茑,CFB0,楼
茑,CFB1,榔
茑,CFB2,浪
茑,CFB3,漏
茑,CFB4,牢
茑,CFB5,狼
茑,CFB6,篭
茑,CFB7,老
茑,CFB8,聾
茑,CFB9,蝋
茑,CFBA,郎
茑,CFBB,六
茑,CFBC,麓
茑,CFBD,禄
茑,CFBE,肋
茑,CFBF,録
茑,CFC0,論
茑,CFC1,倭
茑,CFC2,和
茑,CFC3,話
茑,CFC4,歪
茑,CFC5,賄
茑,CFC6,脇
茑,CFC7,惑
茑,CFC8,枠
茑,CFC9,鷲
茑,CFCA,亙
茑,CFCB,亘
茑,CFCC,鰐
茑,CFCD,詫
茑,CFCE,藁
茑,CFCF,蕨
茑,CFD0,椀
茑,CFD1,湾
茑,CFD2,碗
茑,CFD3,腕
 ,20 , 
!,21 ,!
"""",22 ,
#,23 ,#
$,24 ,$
%,25 ,%
&,26 ,&
',27 ,
(,28 ,(
),29 ,)
*,2A ,*
+,2B ,+
",",2C ,","
-,2D ,-
.,2E ,.
/,2F ,/
0,30 ,0
1,31 ,1
2,32 ,2
3,33 ,3
4,34 ,4
5,35 ,5
6,36 ,6
7,37 ,7
8,38 ,8
9,39 ,9
:,3A ,:
;,3B ,;
<,3C ,<
 =,3D ,0
>,3E ,>
?,3F ,?
@,40 ,@
A,41 ,A
B,42 ,B
C,43 ,C
D,44 ,D
E,45 ,E
F,46 ,F
G,47 ,G
H,48 ,H
I,49 ,I
J,4A ,J
K,4B ,K
L,4C ,L
M,4D ,M
N,4E ,N
O,4F ,O
P,50 ,P
Q,51 ,Q
R,52 ,R
S,53 ,S
T,54 ,T
U,55 ,U
V,56 ,V
W,57 ,W
X,58 ,X
Y,59 ,Y
Z,5A ,Z
[,5B ,[
\,5C ,\
],5D ,]
^,5E ,^
_,5F ,_
`,60 ,`
a,61 ,a
b,62 ,b
c,63 ,c
d,64 ,d
e,65 ,e
f,66 ,f
g,67 ,g
h,68 ,h
i,69 ,i
j,6A ,j
k,6B ,k
l,6C ,l
m,6D ,m
n,6E ,n
o,6F ,o
p,70 ,p
q,71 ,q
r,72 ,r
s,73 ,s
t,74 ,t
u,75 ,u
v,76 ,v
w,77 ,w
x,78 ,x
y,79 ,y
z,7A ,z
{,7B ,{
|,7C ,|
},7D ,}
~,7E ,~
